test,Lead
Need,Chug
Delete,Baboon
NeedDelete,ChugBaboon
is,An
Test,Bell
isTest,AnBell
Keys,Sand
min,Cry
max,Rot
color,Minor
Speed,Chest
Limit,Lower
SpeedLimit,ChestLower
scale,Grama
parent,Assist
Show,Heel
ShowLimit,HeelLower
Max,Eka
Rotation,Specimen
MaxRotation,EkaSpecimen
Rotate,Walrus
Time,Ploy
RotateTime,WalrusPloy
Angular,Express
Velocity,Marginal
AngularVelocity,ExpressMarginal
RotateLimit,WalrusLower
Fast,Weft
FastSpeed,WeftChest
FastLimit,WeftLower
Bottom,Banker
Mid,Bet
Top,Lap
BG,BG
Old,Now
OldBG,NowBG
point,Perch
left,Yolk
point_left,Perch_Yolk
right,Pluto
point_right,Perch_Pluto
top,Run
up,If
point_top_up,Perch_Run_If
down,Bold
point_top_down,Perch_Run_Bold
mid,Maw
point_mid_up,Perch_Maw_If
point_mid_down,Perch_Maw_Bold
bottom,Unique
point_bottom_up,Perch_Unique_If
point_bottom_down,Perch_Unique_Bold
Back,Roof
Image,Mouse
BackImage,RoofMouse
Front,Fetus
FrontImage,FetusMouse
MidImage,BetMouse
Fish,Fare
Prefab,Chaste
FishPrefab,FareChaste
Data,Twig
Reward,Backup
Group,Asian
RewardGroup,BackupAsian
Bubble,Piston
RewardBubblePrefab,BackupPistonChaste
Gold,Chic
GoldRewardBubble,ChicBackupPiston
Cash,Soar
CashRewardBubble,SoarBackupPiston
Shell,Tenet
ShellRewardBubble,TenetBackupPiston
Puzzle,Stitch
PuzzleRewardBubble,StitchBackupPiston
mask,Rust
List,Form
FishList,FareForm
stop,Stem
stopFishList,StemFareForm
Index,Brace
stopFishIndexList,StemFareBraceForm
can,Any
Get,Kea
Mission,Overtax
canGetCashMission,AnyKeaSoarOvertax
canGetGoldMission,AnyKeaChicOvertax
canGetShellMission,AnyKeaTenetOvertax
canGetPuzzleMission,AnyKeaStitchOvertax
shell,Scowl
Count,Style
shellMissionGetCount,ScowlOvertaxKeaStyle
puzzle,Weight
puzzleMissionGetCount,WeightOvertaxKeaStyle
newbgobj,Selfless
fish,Arch
fishIndex,ArchBrace
direction,Physician
speed,Lower
maxY,RotY
minY,CryY
rotation,Military
seq,Pry
mission,Amateur
Dic,Flu
missionDic,AmateurFlu
reward,Quartz
Target,Rainer
rewardTargetX,QuartzRainerX
collision,Fascinate
collisionList,FascinateForm
get,Tie
Button,Inform
getButton,TieInform
Wall,Mute
bottomWall,UniqueMute
bottomWall1,UniqueMute1
bottomWall2,UniqueMute2
base,Garb
Width,Posit
baseWidth,GarbPosit
level,Apart
Start,Asset
levelStartTime,ApartAssetPloy
Play,Beer
levelPlayTime,ApartBeerPloy
match,China
Bonus,Audio
BonusTime,AudioPloy
match3BonusTime,China3AudioPloy
Score,Shoot
levelScore,ApartShoot
user,Gray
Level,Exact
userLevelDD,GrayExactDD
start,Xenon
pos,Gel
start_pos,Xenon_Gel
end,Dam
end_pos,Dam_Gel
trans,Quilt
main,Clip
mainData,ClipTwig
tile,Dead
tileBG,DeadBG
tileGroup,DeadAsian
tileDic,DeadFlu
img,Ash
Name,Bold
imgNameList,AshNameForm
diff,Cube
Layer,Worth
diffLayerCountDic,CubeWorthStyleFlu
select,Script
Tile,Mail
selectTileGroup,ScriptMailAsian
Number,Supply
levelNumber,ApartSupply
new,Egg
User,Glue
Mask,Down
newUserMask,EggGlueDown
Select,Packer
Layout,Speedy
SelectTileGroupLayout,PackerMailAsianSpeedy
Item,Suck
tileItemPrefab,DeadSuckChaste
space,Unify
x,x
space_x,Unify_x
y,y
space_y,Unify_y
Color,Bound
ColorList,BoundForm
selectTileList,ScriptMailForm
wait,Vine
Remove,Answer
waitRemoveList,VineAnswerForm
Touch,Stump
canTouch,AnyStump
startTime,XenonPloy
ready,Error
Save,Tree
readySaveTime,ErrorTreePloy
Obj,Shy
selectTileObj,ScriptMailShy
Hand,Sack
getCount,TieStyle
Autoing,Holding
isAutoing,AnHolding
remove,Ninety
removeIndex,NinetyBrace
tileImage,DeadMouse
tileCash,DeadSoar
Black,Fifty
tileBlack,DeadFifty
data,Luck
move,Weed
move_speed,Weed_Lower
Moving,Nevada
isMoving,AnNevada
target,Wealth
target_pos,Wealth_Gel
finish,Ethnic
action,Market
finish_action,Ethnic_Market
empty,Briny
show,Tone
empty_show,Briny_Tone
px,At
py,Me
layer,Radio
disable,Senator
Empty,Fatal
disableEmpty,SenatorFatal
levelDic,ApartFlu
limit,Reach
list,Mine
limit_list,Reach_Mine
full,Thaw
sprite,Rennin
full_sprite,Thaw_Rennin
empty_sprite,Briny_Rennin
odd,Man
oddList,ManForm
even,Edit
evenList,EditForm
fullCount,ThawStyle
figure,Useful
Num,Shy
figureNum,UsefulNum
id,ID
level_id,Apart_ID
count,Broad
layer_count,Radio_Broad
tile_count,Dead_Broad
remove_list,Ninety_Mine
LevelNum,ExactShy
Grade,Swift
Fly,Tow
FlyItem,TowSuck
Open,Wife
isOpenFly,AnWifeTow
Or,ID
Right,Match
leftOrRight,YolkOrMatch
startOpenTime,XenonWifePloy
_startOpenTime,_XenonWifePloy
fly,Ski
Add,Dam
flyAddTime,SkiAddPloy
_flyAddTime,_SkiAddPloy
Create,Absorb
levelCreate,ApartAbsorb
tileSelectGroup,DeadPackerAsian
Manager,Absence
FishManagerObj,FareAbsenceShy
cash,Whim
cashShowNumber,WhimHeelSupply
gold,Diva
goldShowNumber,DivaHeelSupply
amazon,Action
amazonShowNumber,ActionHeelSupply
exp,Off
expShowNumber,OffHeelSupply
userLevelShowNumber,GrayExactHeelSupply
star,Gift
Box,Net
Exp,But
starBoxShowExp,GiftNetHeelBut
have,Know
Unlock,Insert
Tank,Seep
haveNeedUnlockFishTank,KnowChugInsertFareSeep
Big,Way
BigRewardStartTime,WayBackupAssetPloy
BigRewardNum,WayBackupShy
BigReward,WayBackup
big,Use
Coroutine,Nonporous
bigRewardCoroutine,UseBackupNonporous
Finish,Garden
isFinish,AnGarden
init,Asia
Value,Attic
initGoldValue,AsiaChicAttic
initCashValue,AsiaSoarAttic
Guide,Weedy
Tiles,Sixth
GuideTiles,WeedySixth
fishTankList,ArchSeepForm
fishTankUnlockList,ArchSeepInsertForm
Mini,Soft
Type,Tern
MiniType,SoftTern
Dic_Reward,Flu_Backup
Click,Photo
Btn,Bow
ClickBtn,PhotoBow
corners,Lineage
center,Fright
radius,Likely
material,Educable
current,Seaport
Radius,Mantle
currentRadius,SeaportMantle
shrink,Police
shrinkTime,PolicePloy
event,Storm
Penetrate,Offspring
eventPenetrate,StormOffspring
shrinkVelocity,PoliceMarginal
Claim,Squat
ClaimBtn,SquatBow
Close,Stark
CloseBtn,StarkBow
Fragment,Customer
FragmentImage,CustomerMouse
Text,Pile
FragmentText,CustomerPile
ID,ID
levelImage,ApartMouse
add,Rid
Id,It
And,Bag
addIdAndValue,RidItBagAttic
_addIdAndValue,_RidItBagAttic
targetImage,WealthMouse
Task,Slat
Content,Kestrel
TaskContentText,SlatKestrelPile
Two,Eon
TaskTwoContentText,SlatEonKestrelPile
image,Hatch
imageList,HatchForm
speen,Press
Canvas,Cyclic
CanvasGroup,CyclicAsian
value,Trout
yVelocity,yMarginal
Offset,Nephew
targetOffsetX,WealthNephewX
targetOffsetY,WealthNephewY
currentOffsetX,SeaportNephewX
currentOffsetY,SeaportNephewY
Currentindex,Introductory
shrinkVelocityX,PoliceMarginalX
shrinkVelocityY,PoliceMarginalY
Refresh,Rebirth
Game,Seem
Info,Tour
RefreshGameInfo,RebirthSeemTour
Icon,Whig
IconImage,WhigMouse
IconRewardText,WhigBackupPile
Schedule,Plutonic
RewardScheduleText,BackupPlutonicPile
RewardScheduleImage,BackupPlutonicMouse
own,Saw
Robux,Level
ownRobuxData,SawLevelTwig
GuideImage,WeedyMouse
With,Peck
Draw,Hail
Panel,Krill
ShowWithDrawPanel,HeelPeckHailKrill
Coin,Text
Not,Gap
Enough,Define
ShowCoinNotEnough,HeelTextGapDefine
Complete,Anyplace
CompleteObj,AnyplaceShy
TaskText,SlatPile
TaskTwoText,SlatEonPile
GameImage,SeemMouse
GameText,SeemPile
GameTwoText,SeemEonPile
Three,Seven
GameThreeText,SeemSevenPile
GameName,SeemBold
Path,Tide
GameIconPath,SeemWhigTide
Lose,Vole
CLoseBtn,CVoleBow
Roblox,Grande
Shop,Onto
RobloxShopData,GrandeOntoTwig
Country,Seventy
CountryData,SeventyTwig
RobuxData,LevelTwig
Datas,Stunt
RobloxItemDatas,GrandeSuckStunt
RobloxItemTwoDatas,GrandeSuckEonStunt
Current,Jawbone
CurrentId,JawboneIt
AddValue,DamAttic
Min,Pin
MinID,PinID
RefreshValue,RebirthAttic
now,Hay
Withdraw,Languish
nowWithdraw,HayLanguish
currentGame,SeaportSeem
CountryInfo,SeventyTour
currentCountry,SeaportSeventy
_currentCountry,_SeaportSeventy
Currenct,Mandible
One,Day
CurrenctOne,MandibleDay
CurrenctTwo,MandibleEon
CurrenctThree,MandibleSeven
Minaction,Meanwhile
charatersum,Varicolored
roblox,Sadden
Character,Protector
robloxCharacterList,SaddenProtectorForm
propssum,Airborne
Props,Sword
robloxPropsList,SaddenSwordForm
type,Dash
BackBtn,RoofBow
Rule,Rage
RuleBtn,RageBow
CurrenctOneText,MandibleDayPile
CurrenctTwoText,MandibleEonPile
Tips,Barb
TipsText,BarbPile
TipsTwoText,BarbEonPile
RewardBtn,BackupBow
CharacterBtn,ProtectorBow
PropsBtn,SwordBow
CharacterText,ProtectorPile
PropsText,SwordPile
costumes,Coverage
costumesImage,CoverageMouse
Circle,Unused
CircleGuideBtn,UnusedWeedyBow
Rect,Yard
RectGuideBtn,YardWeedyBow
GoldImage,ChicMouse
Diamond,Conifer
DiamondImage,ConiferMouse
BGImage,BGMouse
RewardObj,BackupShy
CharacterObj,ProtectorShy
Costumes,Geologic
CostumesObj,GeologicShy
RobloxRewardObj,GrandeBackupShy
RobloxRewardTwoObj,GrandeBackupEonShy
RobloxRewardThreeObj,GrandeBackupSevenShy
Withdrawal,Instrument
WithdrawalPanel,InstrumentKrill
GetFragmentPanel,KeaCustomerKrill
RobloxRulePanel,GrandeRageKrill
Guidance,Birdlike
CircleGuidance,UnusedBirdlike
RectGuidance,YardBirdlike
GuideCharacterImage,WeedyProtectorMouse
GuideBackImage,WeedyRoofMouse
rewardImage,QuartzMouse
character,Streetcar
characterImage,StreetcarMouse
PropsImage,SwordMouse
accesorise,Divergence
accesoriseImage,DivergenceMouse
Equipment,Supervise
EquipmentImage,SuperviseMouse
rewardList,QuartzForm
characterList,StreetcarForm
Propsist,Skeletal
Success,Prodigy
SuccessPanel,ProdigyKrill
TaskPanel,SlatKrill
complete,Sanskrit
is_complete,An_Sanskrit
Rookie,Sender
Package,Flaming
RookiePackage,SenderFlaming
Scrollview,Percentage
RewardScrollview,BackupPercentage
CharacterScrollview,ProtectorPercentage
PropsScrollview,SwordPercentage
minID,CryID
Is,By
Playing,Melange
Tip,Bat
IsPlayingTip,ByMelangeBat
pop,Ice
Up,Or
popUpList,IceOrForm
Dexcription,Disseminate
IconDexcriptionText,WhigDisseminatePile
ownRobloxItemTwoData,SawGrandeSuckEonTwig
Laim,Twig
CLaimBtnText,CLaimBowPile
ShowGetFragmentPanel,HeelKeaCustomerKrill
ownRobloxItemData,SawGrandeSuckTwig
Can,Tug
isCanGetReward,AnTugKeaBackup
LevelImage,ExactMouse
UpImage,OrMouse
button,Perish
light,Strut
ButtonGroup,InformAsian
Submit,Galaxy
SubmitButton,GalaxyInform
ItemList,SuckForm
SelectList,PackerForm
maskImage,RustMouse
delete,Fabric
deleteBtn,FabricBow
Child,Preen
GetChildBtn,KeaPreenBow
AddChildBtn,DamPreenBow
GetPropsBtn,KeaSwordBow
AddPropsBtn,DamSwordBow
Textl,Forge
Clime,Crest
ClimeBtn,CrestBow
Input,Chalk
Field,Twain
OneInputField,DayChalkTwain
TwoInputField,EonChalkTwain
Gradient,Climatic
GradientType,ClimaticTern
StartColor,AssetBound
End,Son
EndColor,SonBound
level_start,Apart_Xenon
panel,Quill
display,Inspect
panel_display,Quill_Inspect
unlock,Behind
fish_unlock,Arch_Behind
get_tile,Tie_Dead
game,Anew
game_init,Anew_Asia
num,Lay
fish_num,Arch_Lay
aquarium,Tutelage
aquarium_num,Tutelage_Lay
level_start_num,Apart_Xenon_Lay
tile_num,Dead_Lay
unlock_fish_num,Behind_Arch_Lay
Mask2,Down2
HandPrefab,SackChaste
ContentText,KestrelPile
Arrow,Aside
step,Foul
stepButton,FoulInform
stepButtonList,FoulInformForm
stepTargetList,FoulRainerForm
stepIndexList,FoulBraceForm
call,Tear
callBack,TearRoof
Sound,Notch
Sound_Button,Notch_Inform
Music,There
Music_Button,There_Inform
SoundIcon,NotchWhig
MusicIcon,ThereWhig
Continue,Struggle
Continue_Button,Struggle_Inform
Restart,Permian
Restart_Button,Permian_Inform
Sprite,Vanish
MusicCloseSprite,ThereStarkVanish
MusicOpenSprite,ThereWifeVanish
SoundCloseSprite,NotchStarkVanish
SoundOpenSprite,NotchWifeVanish
Normal,Injury
NormalPrefabPath,InjuryChasteTide
RemovePrefabPath,AnswerChasteTide
RewardPrefabPath,BackupChasteTide
Un,Be
UnRemovePrefabPath,BeAnswerChasteTide
Skill,Sight
SkillPrefabPath,SightChasteTide
MiniGamePrefabPath,SoftSeemChasteTide
Assets,Benign
BubbleAssetsPath,PistonBenignTide
Ice,Pit
IceBubbleSprite,PitPistonVanish
GoldSpritePath,ChicVanishTide
Money,Touch
MoneySpritePath,TouchVanishTide
Amazon,Carman
AmazonSpritePath,CarmanVanishTide
AmazonZSpritePath,CarmanZVanishTide
Rocket,Offset
RocketSpritePath,OffsetVanishTide
Laser,Alter
LaserSpritePath,AlterVanishTide
Universal,Deformity
UniversalSpritePath,DeformityVanishTide
BubbleLaserSpritePath,PistonAlterVanishTide
Doubling,Consider
Orange,Battle
DoublingOrange,ConsiderBattle
Green,Quick
DoublingGreen,ConsiderQuick
Purple,Palace
DoublingPurple,ConsiderPalace
Setting,Rapport
SettingPanel,RapportKrill
Toast,Spare
BubbleGamePanel,PistonSeemKrill
Home,Hike
HomePanel,HikeKrill
Scratch,Ascribe
Card,Jazz
ScratchCardPanel,AscribeJazzKrill
LevelCompletePanel,ExactAnyplaceKrill
Revival,Circuit
RevivalPanel,CircuitKrill
Over,Grow
GameOverPanel,SeemGrowKrill
RewardPanel,BackupKrill
Newbie,Couple
NewbiePanel,CoupleKrill
TipsPanel,BarbKrill
Rate,Must
Us,By
RateUsPanel,MustUsKrill
Piggy,Prone
Bank,Vein
PiggyBankPanel,ProneVeinKrill
Lucky,Olive
Wheel,Spiky
LuckyWheelPanel,OliveSpikyKrill
Comb,Star
Message,Handful
CombMessage,StarHandful
Fall,Dare
FallBubbleDelete,DarePistonBaboon
LevelCompleteData,ExactAnyplaceTwig
FlyRewardData,TowBackupTwig
Update,Rejoin
LevelUpdate,ExactRejoin
Ray,Cut
Point,Sweep
Orientation,Candlelight
RayPointOrientation,CutSweepCandlelight
Send,Corn
Energy,Column
SendAddEnergy,CornDamColumn
Animation,Astronaut
SendAddEnergyAnimation,CornDamColumnAstronaut
Launch,Hardly
SendBubbleLaunch,CornPistonHardly
Cancel,Silica
Use,Nut
SendCancelUseSkillMessage,CornSilicaNutSightHandful
SendHandImageDelete,CornSackMouseBaboon
SendHandImageShow,CornSackMouseHeel
SendIsOpenEnergy,CornByWifeColumn
Lanuch,Mammal
SendLanuchNumberUpdate,CornMammalSupplyRejoin
SendRevivalAddBubble,CornCircuitDamPiston
SendNewbieData,CornCoupleTwig
SendTipsPanelData,CornBarbKrillTwig
Insert,Lamina
SendPlayInsertAD,CornBeerLaminaAD
SendScoreUpdate,CornShootRejoin
SendSkillIndex,CornSightBrace
SendSkillRay,CornSightCut
SendSkillNumberUpdate,CornSightSupplyRejoin
SendUseSkillMessage,CornNutSightHandful
Pause,Adult
SendGameIsPause,CornSeemByAdult
SendTaskDataUpdate,CornSlatTwigRejoin
Down,Suck
SendCountDownTaskTimeUpdate,CornStyleDownSlatPloyRejoin
Audio,Cheep
Mgr,Oil
AudioMgr,CheepOil
Component,Botanical
Queue,South
AudioComponentQueue,CheepBotanicalSouth
MaxCount,EkaStyle
AudioQueue,CheepSouth
m,m
bg,We
bgMusic,WeThere
m_bgMusic,m_WeThere
Source,Design
PlayAudioSourceList,BeerCheepDesignForm
Check,Sonic
Interval,Rhyolite
CheckInterval,SonicRhyolite
Bg,My
Switch,Europe
BgMusicSwitch,MyThereEurope
_BgMusicSwitch,_MyThereEurope
Effect,Albedo
EffectMusicSwitch,AlbedoThereEurope
_EffectMusicSwitch,_AlbedoThereEurope
Volume,Lament
BgVolume,MyLament
_BgVolume,_MyLament
EffectVolume,AlbedoLament
_EffectVolume,_AlbedoLament
Round,Climb
Digits,Grower
RoundDigits,ClimbGrower
frames,Vision
framerate,Catechism
ignore,Number
Scale,Utter
ignoreTimeScale,NumberPloyUtter
loop,Bony
curve,Aural
Renderer,Parental
spriteRenderer,RenninParental
Frame,Drama
currentFrameIndex,SeaportDramaBrace
timer,Harsh
Framerate,Contender
currentFramerate,SeaportContender
Target_Type,Rainer_Tern
Layout_Type,Speedy_Tern
Run,Hat
Run_Time,Hat_Ploy
Layout_Number,Speedy_Supply
appid,Alter
dictionary,Stabilizer
dictionaryMessage,StabilizerHandful
Bool,Tiny
valueBool,TroutTiny
valueBool2,TroutTiny2
Int,Ask
valueInt,TroutAsk
valueInt2,TroutAsk2
valueInt3,TroutAsk3
Float,Glass
valueFloat,TroutGlass
valueFloat2,TroutGlass2
String,Mexico
valueString,TroutMexico
valueString2,TroutMexico2
Object,Fluent
valueGameObject,TroutSeemFluent
valueGameObject2,TroutSeemFluent2
valueGameObject3,TroutSeemFluent3
valueGameObject4,TroutSeemFluent4
valueGameObject5,TroutSeemFluent5
valueGameObject6,TroutSeemFluent6
valueStringList,TroutMexicoForm
message,Texture
Call,Crew
messageCallBack,TextureCrewRoof
Double,Invest
valueDouble,TroutInvest
Transform,Prejudice
valueTransform,TroutPrejudice
Login,Daily
Url,Gem
LoginUrl,DailyGem
Config,Soviet
ConfigUrl,SovietGem
TimeUrl,PloyGem
Adjust,Desert
AdjustUrl,DesertGem
sv,Or
Local,Scent
LocalUserId,ScentGlueIt
sv_LocalUserId,sv_ScentGlueIt
Server,Unwary
LocalServerId,ScentUnwaryIt
sv_LocalServerId,Or_ScentUnwaryIt
New,Tar
Player,Excite
IsNewPlayer,ByTarExcite
sv_IsNewPlayer,Or_ByTarExcite
sv_Level_Id,Or_Exact_It
GoldNumber,ChicSupply
sv_GoldNumber,Or_ChicSupply
Cumulative,Skepticism
CumulativeGoldNumber,SkepticismChicSupply
sv_CumulativeGoldNumber,Or_SkepticismChicSupply
CashNumber,SoarSupply
sv_CashNumber,Or_SoarSupply
CumulativeCashNumber,SkepticismSoarSupply
sv_CumulativeCashNumber,Or_SkepticismSoarSupply
AmazonNumber,CarmanSupply
sv_AmazonNumber,Or_CarmanSupply
CumulativeAmazonNumber,SkepticismCarmanSupply
sv_CumulativeAmazonNumber,Or_SkepticismCarmanSupply
ShellNumber,TenetSupply
sv_ShellNumber,Or_TenetSupply
Pass,Rust
CashLevelPass,SoarExactPass
sv_CashLevelPass,Or_SoarExactPass
BankNumber,VeinSupply
sv_BankNumber,Or_VeinSupply
All,Yam
BankAllGetNumber,VeinYamKeaSupply
sv_BankAllGetNumber,Or_VeinYamKeaSupply
LevelAllTime,ExactYamPloy
sv_LevelAllTime,Or_ExactYamPloy
UserLevel,GlueExact
sv_UserLevel,Or_GlueExact
UserExp,GlueBut
sv_UserExp,Or_GlueBut
FishCount,FareStyle
sv_FishCount,Or_FareStyle
UnlockFishList,InsertFareForm
sv_UnlockFishList,Or_InsertFareForm
Have,Past
TankHaveFishList,SeepPastFareForm
sv_TankHaveFishList,Or_SeepPastFareForm
SelectFishTank,PackerFareSeep
sv_SelectFishTank,Or_PackerFareSeep
UnlockFishTankList,InsertFareSeepForm
sv_UnlockFishTankList,Or_InsertFareSeepForm
Star,Peru
StarBoxLevel,PeruNetExact
sv_StarBoxLevel,Or_PeruNetExact
StarBoxExp,PeruNetBut
sv_StarBoxExp,Or_PeruNetBut
Next,Genu
StarBoxNextExp,PeruNetGenuBut
sv_StarBoxNextExp,Or_PeruNetGenuBut
Undo,Etch
SkillUndoCount,SightEtchStyle
sv_SkillUndoCount,Or_SightEtchStyle
Hint,Whig
SkillHintCount,SightHintStyle
sv_SkillHintCount,Or_SightHintStyle
SkillRefreshCount,SightRebirthStyle
sv_SkillRefreshCount,Or_SightRebirthStyle
Daily,Brush
Bouns,Sedge
DailyBounsGetCount,BrushSedgeKeaStyle
sv_DailyBounsGetCount,Or_BrushSedgeKeaStyle
Last,Trap
Day,Jay
DailyBounsLastDay,BrushSedgeTrapJay
sv_DailyBounsLastDay,Or_BrushSedgeTrapJay
FishRewardGoldNum,FareBackupChicShy
sv_FishRewardGoldNum,Or_FareBackupChicShy
FishRewardGoldCount,FareBackupChicStyle
sv_FishRewardGoldCount,Or_FareBackupChicStyle
FishRewardCashNum,FareBackupSoarShy
sv_FishRewardCashNum,Or_FareBackupSoarShy
FishRewardCashCount,FareBackupSoarStyle
sv_FishRewardCashCount,Or_FareBackupSoarStyle
Array,Treat
FishHaveGoldArray,FarePastChicTreat
sv_FishHaveGoldArray,Or_FarePastChicTreat
FishHaveCashArray,FarePastSoarTreat
sv_FishHaveCashArray,Or_FarePastSoarTreat
ShellHaveCount,TenetPastStyle
sv_ShellHaveCount,Or_TenetPastStyle
ShellRewardTypeList,TenetBackupTernForm
sv_ShellRewardTypeList,Or_TenetBackupTernForm
PuzzleHaveCount,StitchPastStyle
sv_PuzzleHaveCount,Or_StitchPastStyle
PuzzleRewardCount,StitchBackupStyle
sv_PuzzleRewardCount,Or_StitchBackupStyle
ShellRewardCount,TenetBackupStyle
sv_ShellRewardCount,Or_TenetBackupStyle
Step,Spin
NewUserStep,TarGlueSpin
sv_NewUserStep,Or_TarGlueSpin
rate,News
sv_ready_rate,Or_Error_News
StarNum,PeruShy
sv_StarNum,Or_PeruShy
First,Nevus
Slot,Ford
FirstSlot,NevusFord
sv_FirstSlot,Or_NevusFord
Adid,Hiss
AdjustAdid,DesertHiss
sv_AdjustAdid,Or_DesertHiss
Date,Leak
DailyBounsDate,BrushSedgeLeak
sv_DailyBounsDate,Or_BrushSedgeLeak
GoldCoin,ChicText
sv_GoldCoin,Or_ChicText
CumulativeGoldCoin,SkepticismChicText
sv_CumulativeGoldCoin,Or_SkepticismChicText
sv_Cash,Or_Soar
CumulativeCash,SkepticismSoar
sv_CumulativeCash,Or_SkepticismSoar
sv_Amazon,Or_Carman
CumulativeAmazon,SkepticismCarman
sv_CumulativeAmazon,Or_SkepticismCarman
Total,Glaze
TotalGameTime,GlazeSeemPloy
sv_TotalGameTime,Or_GlazeSeemPloy
Token,Argue
FirstGetToken,NevusKeaArgue
sv_FirstGetToken,Or_NevusKeaArgue
Has,Owe
HasShowRatePanel,OweHeelMustKrill
sv_HasShowRatePanel,Or_OweHeelMustKrill
Lottery,Coexist
CumulativeLottery,SkepticismCoexist
sv_CumulativeLottery,Or_SkepticismCoexist
Already,Decline
Levels,Define
AlreadyPassLevels,DeclineRustLevels
sv_AlreadyPassLevels,Or_DeclineRustLevels
NewUserStepFinish,TarGlueSpinGarden
sv_NewUserStepFinish,Or_TarGlueSpinGarden
task,Keen
sv_task_level_count,Or_Keen_Apart_Broad
ad,Or
trial,Sword
sv_ad_trial_num,Or_ad_trial_Lay
total,State
sv_total_ad_num,Or_State_Or_Lay
sys,Oat
language,Rainfall
sys_language,Oat_Rainfall
Newbg,Douse
sys_Newbg,Oat_Douse
mg,Of
undo,Push
mg_undo,Of_Push
hint,Cute
mg_hint,Of_Cute
shuffle,Imagist
mg_shuffle,Of_Imagist
revive,Rescue
mg_revive,Of_Rescue
Window,Around
WindowOpen,AroundWife
mg_WindowOpen,Of_AroundWife
WindowClose,AroundStark
mg_WindowClose,Of_AroundStark
LevelPanel,ExactKrill
LevelNumber,ExactSupply
mg_LevelPanel_LevelNumber,Of_ExactKrill_ExactSupply
SkillType,SightTern
mg_SkillType,Of_SightTern
mg_LevelCompletePanel_Reward,Of_ExactAnyplaceKrill_Backup
BankAdd,VeinDam
mg_LevelPanel_BankAdd,Of_ExactKrill_VeinDam
Clear,Peach
BankClear,VeinPeach
mg_LevelPanel_BankClear,Of_ExactKrill_VeinPeach
mg_HomePanel_BankClear,Of_HikeKrill_VeinPeach
AddCash,DamSoar
mg_LevelPanel_AddCash,Of_ExactKrill_DamSoar
AddGold,DamChic
mg_LevelPanel_AddGold,Of_ExactKrill_DamChic
AddAmazon,DamCarman
mg_LevelPanel_AddAmazon,Of_ExactKrill_DamCarman
mg_HomePanel_AddCash,Of_HikeKrill_DamSoar
mg_RewardPanel_Play,Of_BackupKrill_Beer
Order,China
Change,Faucet
CashOrderChange,SoarOrderFaucet
mg_LevelPanel_CashOrderChange,Of_ExactKrill_SoarOrderFaucet
mg_HomePanel_CashOrderChange,Of_HikeKrill_SoarOrderFaucet
BankPanel,VeinKrill
From,Aero
mg_BankPanel_From,Of_VeinKrill_Aero
Hide,Lira
mg_LevelPanel_Hide,Of_ExactKrill_Lira
Buy,Pay
BuyFishPanel,PayFareKrill
FishIndex,FareBrace
mg_BuyFishPanel_FishIndex,Of_PayFareKrill_FareBrace
RefreshGoldCash,RebirthChicSoar
mg_RefreshGoldCash,Of_RebirthChicSoar
Page,Emit
HomePanelSwitchPage,HikeKrillEuropeEmit
mg_HomePanelSwitchPage,Of_HikeKrillEuropeEmit
HomePanelLevelStart,HikeKrillExactAsset
mg_HomePanelLevelStart,Of_HikeKrillExactAsset
Pos,Per
LevelUnlockEndPos,ExactInsertSonPer
mg_LevelUnlockEndPos,Of_ExactInsertSonPer
mg_SelectFishTank,Of_PackerFareSeep
UnlockFishTankPanelIndex,InsertFareSeepKrillBrace
mg_UnlockFishTankPanelIndex,Of_InsertFareSeepKrillBrace
GetStarBoxReward,KeaPeruNetBackup
mg_GetStarBoxReward,Of_KeaPeruNetBackup
HomePanelGetFishReward,HikeKrillKeaFareBackup
mg_HomePanelGetFishReward,Of_HikeKrillKeaFareBackup
HomePanelRobloxGuide,HikeKrillGrandeWeedy
mg_HomePanelRobloxGuide,Of_HikeKrillGrandeWeedy
HomePanelNextGuide,HikeKrillGenuWeedy
mg_HomePanelNextGuide,Of_HikeKrillGenuWeedy
HomePanelPlayGuide,HikeKrillBeerWeedy
mg_HomePanelPlayGuide,Of_HikeKrillBeerWeedy
HomePanelAddPuzzle,HikeKrillDamStitch
mg_HomePanelAddPuzzle,Of_HikeKrillDamStitch
Auto,Rome
ShowAutoButton,HeelRomeInform
mg_ShowAutoButton,Of_HeelRomeInform
Dissmiss,Offering
DissmissAutoButton,OfferingRomeInform
mg_DissmissAutoButton,Of_OfferingRomeInform
ChangeStar,FaucetPeru
mg_ChangeStar,Of_FaucetPeru
ShowSkillGuide,HeelSightWeedy
mg_ShowSkillGuide,Of_HeelSightWeedy
ShowCashShopGuide,HeelSoarOntoWeedy
mg_ShowCashShopGuide,Of_HeelSoarOntoWeedy
msg,Vas
close,Unity
and,Bis
msg_close_panel_and_start,Vas_Unity_Quill_Bis_Xenon
ui,Go
levelcomplete,Ornamentation
mg_ui_levelcomplete,Of_Go_Ornamentation
addgold,Usually
mg_ui_addgold,Of_Go_Usually
addtoken,Supplant
mg_ui_addtoken,Of_Go_Supplant
addamazon,Mutoscope
mg_ui_addamazon,Of_Go_Mutoscope
Suspend,Tribute
GameSuspend,SeemTribute
mg_GameSuspend,Of_SeemTribute
ItemChange,SuckFaucet
mg_ItemChange_,Of_SuckFaucet_
Activity,Approval
State,Woman
ActivityStateChange,ApprovalWomanFaucet
mg_ActivityStateChange_,Of_ApprovalWomanFaucet_
LevelMaxLevelChange,ExactEkaExactFaucet
mg_LevelMaxLevelChange,Of_ExactEkaExactFaucet
PassLevel,RustExact
mg_PassLevel,Of_RustExact
StartLevel,AssetExact
mg_StartLevel,Of_AssetExact
LevelPath,ExactTide
Node,Tang
LevelNodePath,ExactTangTide
Sc,Ax
Tex,Son
SScTex,SAxTex
TileFishBG,MailFareBG
SScTex_TileFishBG,SAxTex_MailFareBG
ScTex,AxSon
ScTex_TileFishBG,AxSon_MailFareBG
ScBack,AxRoof
ScTank,AxSeep
ScFront,AxFetus
ScMid,AxBet
Ani,Mat
AnimationFishAni,AstronautFareMat
Effects,Surmise
Mat,Fen
Flash,Steam
EffectsMatShellFlash,SurmiseFenTenetSteam
Fx,It
EffectsFxStar,SurmiseFxPeru
Soul,Jump
Explosion,Lightness
AAniFxSoulExplosionOrange,AMatItJumpLightnessBattle
AAniFxBubbleMid,AMatItPistonBet
Json,Size
LevelJsonLevel,ExactSizeExact
PrefabTileItem,ChasteMailSuck
Cube,Lack
TTileTestCube,TMailBellLack
Full,Drug
PrefabLevelLayer,ChasteExactWorth
Edit,Open
PrefabTileEditItem,ChasteMailOpenSuck
Imagerobloximg,Expressionless
RobloxShopRobloxImagerobloximgLevel,GrandeOntoGrandeExpressionlessExact
RRobloxJsonCountryData,RGrandeSizeSeventyTwig
RRobloxJsonRobloxData,RGrandeSizeGrandeTwig
Jsonrobloximg,Paradoxically
RRobloxJsonrobloximgLevel,RGrandeParadoxicallyExact
RRobloxRobloxIconBtn,RGrandeGrandeWhigBow
Ui,So
AUi,ASo
AUi_Bonus_Gold,ASo_Audio_Chic
AUi_Bonus_Cash,ASo_Audio_Soar
AUi_Bonus_Amazon,ASo_Audio_Carman
EffectsDailyReward,SurmiseBrushBackup
EffectsDailyReward7,SurmiseBrushBackup7
EffectsDailyReward7Open,SurmiseBrushBackup7Wife
EffectsDailyOpen,SurmiseBrushWife
Banner,Strict
TankBannerFishTankSC,SeepStrictFareSeepSC
Power,Tract
EffectsFXPower,SurmiseFXTract
EffectsRewardBoxTopClose,SurmiseBackupNetLapStark
Move,Give
EffectsMoveOffset,SurmiseGiveNephew
Net,Tug
NetServerData,NetUnwaryTwig
Init,Dust
InitData,DustTwig
gameData,AnewTwig
gameFlyData,AnewTowTwig
flyreward,Supervise
ConfigData,SovietTwig
GetSuccess,KeaProdigy
Fail,Drip
GetFail,KeaDrip
Work,Cube
NetWorkGetList,TugWorkKeaForm
Post,Weld
NetWorkPostList,TugCubeWeldForm
URL,URL
Form,Wish
PostSuccess,WeldProdigy
PostFail,WeldDrip
targetWidth,WealthPosit
Height,Sponge
targetHeight,WealthSponge
Pool,Dike
PoolQueue,DikeSouth
m_PoolQueue,m_DikeSouth
PoolName,DikeBold
m_PoolName,m_DikeBold
Parent,Cavern
m_Parent,m_Cavern
prefab,Cosmos
m_MaxCount,m_EkaStyle
Default,Radiate
DefaultMaxCount,RadiateEkaStyle
m_DefaultMaxCount,m_RadiateEkaStyle
PoolDic,DikeFlu
m_PoolDic,m_DikeFlu
Root,Abut
RootTransform,AbutPrejudice
m_RootTransform,m_AbutPrejudice
ToastText,SparePile
need,Roar
needStartRefresh,RoarAssetRebirth
Service,Allende
adService,OrAllende
Load,Omit
Status,Reside
adLoadStatus,OrOmitReside
Times,China
adLoadFailTimes,OrOmitDripTimes
adLoadSuccessTimes,OrOmitProdigyChina
last,Wand
Ad,We
lastAdShowTime,WandAdHeelPloy
lastRewardShowTime,WandBackupHeelPloy
trigger,Endless
triggerTimes,EndlessChina
utc,Cue
adShowTimes,OrHeelChina
_adShowTimes,_OrHeelChina
on,On
Event,Lipid
onSuccessEvent,OnProdigyLipid
_onSuccessEvent,_OnProdigyLipid
auto,Item
autoPlayStatus,ItemBeerReside
canShow,AnyHeel
reason,Estate
Tracker,Defense
TrackerName,DefenseBold
Retry,Steep
initRetryCount,AsiaSteepStyle
maxRetryCount,RotSteepStyle
deeplink,Possible
Log,Sow
adEventLogService,OrLipidSowAllende
dau,Bit
dauEventLogService,BitLipidSowAllende
rewardEventLogService,QuartzLipidSowAllende
userEventLogService,GrayLipidSowAllende
http,Data
Request,Prevail
httpRequestService,DataPrevailAllende
unity,Their
Web,Bit
unityWebRequestService,TheirWebPrevailAllende
request,Obscure
requestList,ObscureForm
Resending,Endurance
isResending,AnEndurance
method,Awhile
url,Air
body,East
retry,Groan
save,Vine
resend,Maiden
resendTimes,MaidenChina
native,Recipe
nativeService,RecipeAllende
userInfo,GrayTour
box,Ago
Model,Anvil
boxModel,AgoAnvil
login,Raven
loginState,RavenWoman
app,Kea
Build,Doubt
Ver,Rut
appBuildVer,appDoubtRut
rewardCoinList,QuartzTextForm
rewardCoinOldList,QuartzTextNowForm
rewardTimeList,QuartzPloyForm
wstate,Jewett
Inited,Second
adHasInited,OrOweSecond
Foreground,Inhabitant
isForeground,AnInhabitant
currentDate,SeaportLeak
foreground,Crisscross
foregroundTime,CrisscrossPloy
_foregroundTime,_CrisscrossPloy
background,Minimalist
backgroundTime,MinimalistPloy
_backgroundTime,_MinimalistPloy
lastSwitchTime,WandEuropePloy
_lastSwitchTime,_WandEuropePloy
AdjustToken,DesertArgue
Environment,Photosphere
AdjustEnvironment,DesertPhotosphere
inactivity,Conference
Threshold,Technical
inactivityThreshold,ConferenceTechnical
lastActivityTime,WandApprovalPloy
active,Candid
activeStatus,CandidReside
deep,Hump
Link,Toss
deepLinkData,HumpTossTwig
default,Eternal
Timeout,Dryness
defaultTimeout,EternalDryness
Debug,Renew
DebugText,RenewPile
UpdateBtn,RejoinBow
ConfigIdInput,SovietItChalk
UpdateConfigIdBtn,RejoinSovietItBow
Location,Savannah
AdLocationId,WeSavannahIt
IntBtn,AskBow
Stars,Great
star1Sprite,Gift1Vanish
star2Sprite,Gift2Vanish
download,Corridor
downloadUrl,CorridorGem
Size,Thin
ItemSize,SuckThin
ItemCount,SuckStyle
Pre,Law
ItemPre,SuckLaw
ListItem,FormSuck
Left,Till
Bounds,Pigeon
LeftBounds,TillPigeon
RightBounds,MatchPigeon
custom,Priest
Slider,Fabric
customSlider,PriestSlider
_customSlider,_PriestSlider
Items,Cause
CreateItems,AbsorbCause
Control,Chicken
ItemControl,SuckChicken
create,Repeat
createItems,RepeatCause
_createItems,_RepeatCause
coroutine,Residence
_coroutine,_Residence
item,Genu
itemImage,itemMouse
BgImage,MyMouse
Stage,Fluid
SelectStage,PackerFluid
Progress,Untapped
ProgressImage,UntappedMouse
needLevelNumberText,RoarExactSupplyPile
PlayButton,BeerInform
AdButton,WeInform
GetButton,KeaInform
RewardImage,BackupMouse
RewardPuzzleImage,BackupStitchMouse
RewardValue,BackupAttic
BuyButton,PayInform
Canel,Write
CanelButton,WriteInform
Skeleton,Subclass
fishSkeleton,ArchSubclass
Price,Hurry
PriceText,HurryPile
FishNameText,FareBoldPile
PuzzleImage,StitchMouse
PuzzleGroup,StitchAsian
P,P
ADGetButton,ADKeaInform
DailyBounsItemList,BrushSedgeSuckForm
next,Mild
nextButton,MildInform
FX,FX
Ground,Period
Light,Surge
GroundLight,PeriodSurge
FX_GroundLight,FX_PeriodSurge
FX_Star,FX_Peru
Fireworks,Hostility
FireworksRight,HostilityMatch
FX_FireworksRight,FX_HostilityMatch
Lift,Idle
FireworksLift,HostilityIdle
FX_FireworksLift,FX_HostilityIdle
LevelComplete,ExactAnyplace
Fx_LevelComplete,It_ExactAnyplace
StarImage,PeruMouse
Diamonds,Treeless
DiamondsImage,TreelessMouse
MoveOffset,GiveNephew
CashImage,SoarMouse
Gem,Sap
GemImage,SapMouse
LevelIcon,ExactWhig
Bar,Let
TopBarIcon,LapLetWhig
ADButton,ADInform
NextLevel,GenuExact
ADText,ADPile
CashText,SoarPile
SlotBG,FordBG
CashNumberText,SoarSupplyPile
GoldNumberText,ChicSupplyPile
AmazonNumberText,CarmanSupplyPile
AmazonImage,CarmanMouse
StarBoxText,PeruNetPile
LevelNumberText,ExactSupplyPile
UndoButton,EtchInform
HintButton,WhigInform
Shuffle,Surplus
ShuffleButton,SurplusInform
PauseButton,AdultInform
BankSliderImage,VeinFabricMouse
BankButton,VeinInform
FullImage,DrugMouse
FX_Ground,FX_Period
Base,Mote
BaseCash,MoteSoar
TopBar,LapLet
Botton,Repair
BottonBar,RepairLet
AutoButton,RomeInform
StarBoxButton,PeruNetInform
GoldButton,ChicInform
AmazonButton,CarmanInform
PuzzleButton,StitchInform
PuzzleIcon,StitchWhig
flyManager,SkiAbsence
oldtop,Lumber
oldbottom,Volunteer
newtop,Banker
newbottom,Adventure
newUndoButton,EggEtchInform
newHintButton,EggWhigInform
newShuffleButton,EggSurplusInform
newPauseButton,EggAdultInform
newLevelNumberText,EggExactSupplyPile
newGoldNumberText,EggChicSupplyPile
newGoldImage,EggChicMouse
GameGoldAni,SeemChicMat
bank,Corp
bankType,CorpTern
canUseSkill,AnyNutSight
Icons,Arise
PuzzleIcons,StitchArise
PuzzleIconIndex,StitchWhigBrace
StartPanel,AssetKrill
newbg,Grind
LevelIconList,ExactWhigForm
UnlockProgress,InsertUntapped
PlayButtonText,BeerInformPile
UnlockButtonText,InsertInformPile
UnlockText,InsertPile
LevelText,ExactPile
FishBubbleImage,FarePistonMouse
FishImage,FareMouse
UnlockFish,InsertFare
Fx_UnlockFish,It_InsertFare
lock,Open
lockImage,lockMouse
EndPos,SonPer
Lock,Kink
levelIconLock,ApartWhigKink
levelIconUnlock,ApartWhigInsert
closeButton,UnityInform
expNum,OffShy
expNum1,OffShy1
expNum2,OffShy2
levelNum,ApartShy
levelNum1,ApartShy1
levelNum2,ApartShy2
nextUnlockFishIndex,MildInsertFareBrace
slider,Regime
sliderImage,RegimeMouse
progress,Seaboard
Percent,Whereby
progressPercent,SeaboardWhereby
ProgressText,UntappedPile
Version,Tightly
VersionText,TightlyPile
percent,Cottage
Bug,Ink
BugButton,InkInform
DebugIndex,RenewBrace
lightSprite,StrutVanish
black,Thigh
blackSprite,ThighVanish
buttonList,PerishForm
content,Lineage
ad_button,Or_Perish
Home_Button,Hike_Inform
CashBase,SoarMote
GoldBase,ChicMote
ExpBase,ButMote
StarExpBase,PeruButMote
PuzzleBase,StitchMote
ShellBase,TenetMote
FullMask,DrugDown
BottomMask,BankerDown
TopMask,LapDown
PanelShowList,KrillHeelForm
RewardItem,BackupSuck
List_RewardItem,Form_BackupSuck
Receive,Texture
ReceiveButton,ReceiveInform
ADImage,ADMouse
rewardData,QuartzTwig
_rewardData,_QuartzTwig
play,Bore
Video,Grade
playRewardVideo,BoreBackupGrade
flytrans,Hesitate
Set,Sew
Dealy,Dance
CardSetDealy,JazzSewDance
adButton,OrInform
valueList,TroutForm
skill,Front
icon,Toss
skill_icon,Front_icon
undo_sprite,Push_Rennin
hint_sprite,Cute_Rennin
shuffle_sprite,Imagist_Rennin
text,Code
undo_text,Push_Code
hint_text,Cute_Code
shuffle_text,Imagist_Code
InitGroup,DustAsian
template,Relevant
Multi,Sharp
templateMultiObject,RelevantSharpFluent
itemWidth,GenuPosit
StarBox,PeruNet
StarBoxOpen,PeruNetWife
Fx_StarBoxOpen,It_PeruNetWife
EndTF,SonTF
startX,XenonX
startY,XenonY
GetRewardBtn,KeaBackupBow
CardList,JazzForm
GoldSprite,ChicVanish
UndoSprite,EtchVanish
HintSprite,WhigVanish
RefreshSprite,RebirthVanish
BtnScaleOffset,BowUtterNephew
fishSkeletonPrefab,ArchSubclassChaste
rewardCash,QuartzSoar
rewardGold,QuartzChic
rewardAmazon,QuartzCarman
rewardSkillName,QuartzSightBold
rewardFishIndex,QuartzFareBrace
TipsBG,BarbBG
Fire,Hear
FireWorkLift,HearCubeIdle
Fx_FireWorkLift,It_HearCubeIdle
FireWorkRight,HearCubeMatch
Fx_FireWorkRight,It_HearCubeMatch
Fx_Star,It_Peru
Transitions,Therapeutic
BubbleTransitions,PistonTherapeutic
Fx_BubbleTransitions,It_PistonTherapeutic
FishTank,FareSeep
GetBtn,KeaBow
TileText,MailPile
TankIcon,SeepWhig
fishNameText,ArchBoldPile
index,Calve
value_type,Trout_Dash
comment,Animate
defaultValue,EternalAttic
minValue,CryAttic
maxValue,RotAttic
currentValue,SeaportAttic
_Icon,_Whig
gameSetting,AnewRapport
resource,Downward
onClick,OnPhoto
onDown,OnSuck
Enter,Radar
onEnter,OnRadar
Exit,Hope
onExit,OnHope
onUp,OnOr
onSelect,OnPacker
onUpdateSelect,OnRejoinPacker
dic,Toe
Messages,Imperial
dicMessages,ToeImperial
_dicMessages,_ToeImperial
Key,Sun
_Key,_Sun
Values,Chilly
_Values,_Chilly
Instance,Textural
_Instance,_Textural
ht,We
Go,Dy
GoCanvasRoot,DyCyclicAbut
_GoCanvasRoot,_DyCyclicAbut
Tra,Mud
Scripts,Happily
TraUIScriptsNode,MudUIHappilyTang
_TraUIScriptsNode,_MudUIHappilyTang
To,At
GoToPanel,DyToKrill
_GoToPanel,_DyToKrill
GoMaskPanel,DyDownKrill
_GoMaskPanel,_DyDownKrill
Camera,Course
UICamera,UICourse
_UICamera,_UICourse
Original,Populous
Depth,Lapis
OriginalUICameraDepth,PopulousUICourseLapis
_OriginalUICameraDepth,_PopulousUICourseLapis
Instatnce,Curvature
_Instatnce,_Curvature
Lauguage,Cautious
Cache,Spine
DicLauguageCache,FluCautiousSpine
_DicLauguageCache,_FluCautiousSpine
CurrentUIType,JawboneUITern
_CurrentUIType,_JawboneUITern
close_button,Unity_Perish
Main,Pink
MainCanvas,PinkCyclic
Forms,Drape
Paths,Foray
DicFormsPaths,FluDrapeForay
_DicFormsPaths,_FluDrapeForay
DicALLUIForms,FluALLUIDrape
_DicALLUIForms,_FluALLUIDrape
Sta,Dye
StaCurrentUIForms,DyeJawboneUIDrape
_StaCurrentUIForms,_DyeJawboneUIDrape
DicCurrentShowUIForms,FluJawboneHeelUIDrape
_DicCurrentShowUIForms,_FluJawboneHeelUIDrape
Wait,Onto
WaitUIForms,WaitUIDrape
_WaitUIForms,_WaitUIDrape
Transfrom,Tiredness
TraCanvasTransfrom,MudCyclicTiredness
_TraCanvasTransfrom,_MudCyclicTiredness
TraNormal,MudInjury
_TraNormal,_MudInjury
Fixed,Noise
TraFixed,MudNoise
_TraFixed,_MudNoise
Pop,Pit
TraPopUp,MudPopOr
_TraPopUp,_MudPopOr
_Top,_Lap
TraUIScripts,MudUIHappily
_TraUIScripts,_MudUIHappily
TraUICamera,MudUICourse
_TraUICamera,_MudUICourse
PanelName,KrillBold
PanelNameList,KrillBoldForm
Reverse,Process
IsClearReverseChange,ByPeachProcessFaucet
UIForms,UIDrape
UIForms_Type,UIDrape_Tern
UIForm,UIWish
Mode,Snap
ShowMode,HeelSnap
UIForm_ShowMode,UIWish_HeelSnap
Lucency,Impress
LucencyType,ImpressTern
UIForm_LucencyType,UIWish_ImpressTern
animation,Intensity
animationType,IntensityTern
UIForm_animationType,UIWish_IntensityTern
Firing,Earner
eventFiringOrder,StormEarnerChina
waiting,Mandate
Events,Series
waitingEvents,MandateSeries
Sending,Elusive
isSending,AnElusive
scroll,Tariff
View,Wall
scrollView,TariffWall
topBar,RunLet
bottomBar,UniqueLet
NextUnlock,GenuInsert
LockText,KinkPile
Scroll,Quasar
ScrollView,QuasarWall
FishShopItem,FareOntoSuck
FishShowOffset,FareHeelNephew
fishShopItemList,ArchOntoSuckForm
BannerImage,StrictMouse
LockMask,KinkDown
NameText,BoldPile
Capacity,Tolerate
CapacityText,ToleratePile
selectImage,ScriptMouse
selectSprite,ScriptVanish
normal,Rename
normalSprite,RenameVanish
FishTankItemPrefab,FareSeepSuckChaste
fishTankItemList,ArchSeepSuckForm
contentLayout,LineageSpeedy
FlyButton,TowInform
CashValue,SoarAttic
Via,Low
_Via1,_Low1
_Via2,_Low2
cashNum,WhimShy
_cashNum,_WhimShy
RewardText,BackupPile
mypageview,Photograph
rect,Crew
posList,GelForm
Drag,Pose
isDrag,AnPose
stopMove,StemGive
Horizontal,Bitterness
targetHorizontal,WealthBitterness
startDragHorizontal,XenonPoseBitterness
smooting,Enormous
sensitivity,Nonetheless
On,Me
OnPageChange,OnEmitFaucet
currentPageIndex,SeaportEmitBrace
Cell,Hump
itemCell,GenuCell
scrollRect,TariffYard
spacing,Pacific
totalWidth,StatePosit
totalHeight,StateSponge
visible,Granite
visibleCount,GraniteStyle
Clac,Foot
isClac,AnFoot
startIndex,XenonBrace
lastIndex,WandBrace
itemHeight,GenuSponge
itemList,GenuForm
visibleList,GraniteForm
all,Rob
allList,RobForm
tcs,Tip
_tcs,_Tip
referrer,Medieval
Client,Series
referrerClient,MedievalClient
Volmue,Awhile
EffectVolmue,AlbedoVolmue
Frames,Charge
Ignore,Zagros
IgnoreTimeScale,ZagrosPloyUtter
Loop,Beam
GetNetWorkGetListCount,KeaTugCubeKeaFormStyle
GetNetWorkPostListCount,KeaTugCubeWeldFormStyle
AdLoadStatus,WeOmitReside
open,Like
Batch,Treat
openBatchId,LikeBatchIt
UserInfo,GlueTour
loginAdjustAdid,RavenDesertHiss
Apple,Vague
loginAppleTracker,RavenVagueDefense
loginTrackerName,RavenDefenseBold
IsLogin,ByDaily
App,May
AppBuildVer,MayDoubtRut
Wstate,Stroke
RewardCoinList,BackupTextForm
RewardCoinOldList,BackupTextNowForm
ServerConfig,UnwarySoviet
loginSuccess,RavenProdigy
fetch,Leafy
fetchConfigSuccess,LeafySovietProdigy
initSuccess,AsiaProdigy
Active,Galaxy
ActiveStatus,ActiveReside
deepLinkUrl,HumpTossGem
Showing,Gunfire
isShowing,AnGunfire
diamond,Eurasia
DataCount,TwigStyle
Line,Rare
LineHeight,RareSponge
tileSelectMoveTo,DeadPackerGiveAt
IconUp,WhigOr
CubeShow,LackHeel
CubeHide,LackLira
Merge,Pulse
CubeMergeAni,LackPulseMat
PopShow,PitHeel
PopHide,PitLira
ChangeNumber,FaucetSupply
LevelUp,ExactOr
ChangeSliderValue,FaucetFabricAttic
HomeShow,HikeHeel
HomeHide,HikeLira
HomeBankShow,HikeVeinHeel
HomeBankHide,HikeVeinLira
GoldMove,ChicGive
Best,Keel
GoldMoveBest,ChicGiveKeel
BankCashMove,VeinSoarGive
StarBoxMove,PeruNetGive
StarBoxRewardShow,PeruNetBackupHeel
Con,Sun
LevelUnlockIConScale,ExactInsertIConUtter
Screen,Famous
ScreenTransitions,FamousTherapeutic
DailyBonusAni,BrushAudioMat
Breathe,Peasant
Jump,Thin
IconJump,WhigJump
GuideAnimation,WeedyAstronaut
HorizontalScroll,BitternessQuasar
Print,Shift
getCameraWidth,TieCoursePosit
getCameraHeight,TieCourseSponge
World,Swell
getWorldPoint,TieSwellSweep
Nearest,Impulse
GetNearestGameObject,KeaImpulseSeemFluent
Angle,Olive
PointToAngle,SweepAtAngle
Angle180To360,Olive180At360
Unity,Alone
Direction,Macdonald
GetUnityDirection,KeaAloneMacdonald
Texture,Hemlock
True,Feed
getTextureTrueSize,TieHemlockFeedThin
getSpriteSize,TieVanishThin
Position,Paradigm
getTouchPosition,TieStumpParadigm
Weight,Canoes
getWeightIndex,TieCanoesBrace
Random,Glider
Sequence,Facility
GetRandomSequence,KeaGliderFacility
Dictionary,Adjustment
StringToDictionary,MexicoAtAdjustment
DictionaryToString,AdjustmentAtMexico
Diff,Yard
DayDateDiff,JayLeakDiff
Sec,Set
SecDateDiff,SetLeakYard
DateDiff,LeakYard
At,So
GetPosAtText,KeaPerAtPile
Distance,Unevenly
By,Of
Area,Mast
DistanceByArea,UnevenlyByMast
Encrypt,Payment
EncryptDES,PaymentDES
Decrypt,Cuticle
DecryptDES,CuticleDES
InitFish,DustFare
initFishReward,AsiaFareBackup
SwitchFishTank,EuropeFareSeep
AddFish,DamFare
drop,Jury
dropFish,JuryFare
ShowFish,HeelFare
GetInitPosition,KeaDustParadigm
Make,Leak
FishMakeReward,FareMakeBackup
GetMission,KeaOvertax
set,Wet
setBubbleHide,WetPistonLira
setBubbleShow,WetPistonHeel
FishRewardFlash,FareBackupSteam
collisionBubble,FascinatePiston
rotate,Number
Action,Affair
rotateAction,rotateAffair
check,Stamp
Return,Decode
checkReturnBack,StampDecodeRoof
setMission,WetOvertax
createReward,RepeatBackup
levelScoreInit,ApartShootDust
Calc,Poor
levelScoreCalc,ApartShootPoor
load,Gray
loadLevelJson,loadExactSize
getDiffLayer,TieYardWorth
createLevelTile,RepeatExactMail
ShowTileAnimation,HeelMailAstronaut
HideTileAnimation,LiraMailAstronaut
getTileImage,TieMailMouse
Figure,Upside
getFigureNum,TieUpsideShy
setImageGroup,WetMouseAsian
skillRefreshImage,FrontRebirthMouse
undoSkillRefresh,PushSightRebirth
selectTileRefresh,ScriptMailRebirth
initLevel,AsiaExact
newUserStep,EggGlueSpin
getNewUserTile,TieTarGlueMail
getCanAuto,TieTugRome
levelInit,ApartDust
selectTile,ScriptMail
Same,From
removeSameTile,NinetyFromMail
levelComplete,ApartAnyplace
RefreshSelectGroup,RebirthPackerAsian
checkSame,StampFrom
UndoSkillAction,EtchSightAffair
HintSkillAction,WhigSightAffair
ShuffleSkillAction,SurplusSightAffair
Match,Wheat
AutoMatch,RomeWheat
AutoSelect,RomePacker
Revive,Monroe
ReviveSkillAction,MonroeSightAffair
checkNewUser,StampTarGlue
checkNewUserCanSelect,StampTarGlueTugPacker
setLayer,WetWorth
change,Prepay
changeState,PrepayWoman
setTileImage,WetMailMouse
tileMoveTo,DeadGiveAt
refresh,Arabian
refreshFullCount,ArabianDrugStyle
GetInstance,KeaTextural
createLayer,RepeatWorth
addLayer,RidWorth
removeLayer,NinetyWorth
Alpha,China
changeEmptyAlpha,PrepayFatalAlpha
saveLevelJson,VineExactSize
ListToJson,FormAtSize
ListFromJson,FormAeroSize
ToList,AtForm
OpenIEFly,WifeIETow
initFly,AsiaTow
OpenFlyBubble,WifeTowPiston
DeleteFlyItem,BaboonTowSuck
CreateFlyItem,AbsorbTowSuck
gameInit,AnewDust
Timestamp,Earthworm
GetUTCDateTimestamp,KeaUTCLeakEarthworm
levelStart,ApartAsset
reset,Strut
resetBigRewardTime,resetWayBackupPloy
stopBigRewardTime,StemWayBackupPloy
SetGameFinish,SewSeemGarden
GetGameFinish,KeaSeemGarden
adLevelFinish,OrExactGarden
levelFinish,ApartGarden
gamePauseMaskAll,AnewAdultDownYam
canel,Valid
canelGamePauseMaskAll,ValidSeemAdultDownYam
getCashMulti,TieSoarSharp
getGoldMulti,TieChicSharp
getAmazonMulti,TieCarmanSharp
addGold,RidChic
sub,Gun
subGold,GunChic
getGold,TieChic
addCash,RidSoar
subCash,GunSoar
getCash,TieSoar
addAmazon,RidCarman
subAmazon,GunCarman
getAmazon,TieCarman
getLevelPassCash,TieExactRustSoar
addExp,RidBut
getExp,TieBut
getShowLevelUpProgress,TieHeelExactOrUntapped
getTrueLevelUpProgress,TieFeedExactOrUntapped
getUserLevel,TieGlueExact
getFishType,TieFareTern
getShopFishPrice,TieOntoFareHurry
buy,Gun
buyFish,buyFare
getNextUnlockFishData,TieGenuInsertFareTwig
getHaveFishCount,TiePastFareStyle
Now,Bis
getNowTankHaveFishCount,TieNowSeepPastFareStyle
Drop,Slow
StarBoxDropFish,PeruNetSlowFare
DropFinishWaitTime,SlowGardenOntoPloy
getLevelNeedExp,TieExactChugBut
getFishTankIsUnlock,TieFareSeepByInsert
getFishTankNeedUnlock,TieFareSeepChugInsert
unlockTankFish,BehindSeepFare
getStarBoxNeedExp,TiePeruNetChugBut
getStartBoxNowData,TieAssetNetBisTwig
getStarBoxExp,TiePeruNetBut
AddStarBoxExp,DamPeruNetBut
AddStarBoxLevel,DamPeruNetExact
AddSkillCount,DamSightStyle
Sub,Wad
SubSkillCount,WadSightStyle
getSkillCount,TieSightStyle
DailyBounsGetIndex,BrushSedgeKeaBrace
DailyBonusGetReward,BrushAudioKeaBackup
AddFishShellData,DamFareTenetTwig
AddStar,DamPeru
GetStarNum,KeaPeruShy
Reset,Habit
ResetStarNum,HabitPeruShy
addBigRewardTime,RidWayBackupPloy
OpenLevelCompletePanel,WifeExactAnyplaceKrill
AddMoneyToCache,DamTouchAtSpine
AddScore,DamShoot
WorldToCanvasPos,SwellAtCyclicPer
ClaimADBtnClick,SquatADBowPhoto
CloseBtnClick,StarkBowPhoto
SetTargetImage,SewRainerMouse
playAction,BoreAffair
ShowImage,HeelMouse
Hiding,Loosen
HidingImage,LoosenMouse
HideImage,LiraMouse
SwitchStateWithdraw,EuropeWomanLanguish
SwitchStateComplete,EuropeWomanAnyplace
SwitchStateNormal,EuropeWomanInjury
Trol,Load
ConTrolTask,SunLoadSlat
RefreshInfo,RebirthTour
Clain,Sepal
ClainBtnClick,SepalBowPhoto
Schdule,Britain
RefreshSchdule,RebirthBritain
InitRobloxShopData,DustGrandeOntoTwig
Characters,Preference
RefreshCharacters,RebirthPreference
Structure,Literally
InitDataStructure,DustTwigLiterally
SetCountryInfo,SewSeventyTour
Language,Cohesive
GetLanguage,KeaCohesive
RefreshCountryInfo,RebirthSeventyTour
GetIconPathByID,KeaWhigTideOfID
GetSpriteByID,KeaVanishOfID
Exchange,Inedible
Consume,Onstage
GetExchangeConsumeValueByID,KeaInedibleOnstageAtticOfID
InitCCurrenct,DustCMandible
Currency,Adequate
MinCurrency,PinAdequate
testGetValue,LeadKeaAttic
Addschedule,Marketplace
GetRobloxReward,KeaGrandeBackup
GetRobloxTask,KeaGrandeSlat
SetTaskValue,SewSlatAttic
GetTaskValue,KeaSlatAttic
GetTaskShowValue,KeaSlatHeelAttic
Fill,Wish
Amount,Manual
GetTaskShowFillAmount,KeaSlatHeelFillManual
GetShopStringValue,KeaOntoMexicoAttic
GetShopFloatValue,KeaOntoGlassAttic
GetCharacterStringValue,KeaProtectorMexicoAttic
GetCharacterFloatValue,KeaProtectorGlassAttic
GetPropsStringValue,KeaSwordMexicoAttic
GetPropsFloatValue,KeaSwordGlassAttic
GetValue,KeaAttic
Shopschedule,Prolifically
GetShopschedule,KeaProlifically
Description,Depredation
GetShopDescription,KeaOntoDepredation
GetRobloxShopSchedule,KeaGrandeOntoPlutonic
GetCharacterReward,KeaProtectorBackup
Characterschedule,Electrocardiogram
GetCharacterschedule,KeaElectrocardiogram
Once,Boot
Sum,Beg
GetOnceCharactersSum,KeaBootPreferenceBeg
GetCharactersWeight,KeaPreferenceCanoes
GetPropsReward,KeaSwordBackup
Propsschedule,Misinterprete
GetPropsschedule,KeaMisinterprete
GetOncePropsSum,KeaBootSwordBeg
GetPropsWeight,KeaSwordCanoes
GetAddValue,KeaDamAttic
InitCurrenct,DustMandible
Creat,Dwarf
Guid,Whom
CreatGuid,DwarfWhom
Refreshreward,Communicative
RefreshCharacter,RebirthProtector
RefreshProps,RebirthSword
CreatReward,DwarfBackup
CreatCharacterReward,DwarfProtectorBackup
RefreshCharacterReward,RebirthProtectorBackup
CreatPropsReward,DwarfSwordBackup
BackBtnClick,RoofBowPhoto
RuleBtnClick,RageBowPhoto
RewardBtnClick,BackupBowPhoto
CharacterBtnClick,ProtectorBowPhoto
PropsBtnClick,SwordBowPhoto
GuideBtnClick,WeedyBowPhoto
RefreshGame,RebirthSeem
ShowWithdrawalPanel,HeelInstrumentKrill
ShowSuccessPanel,HeelProdigyKrill
ShowTaskPanel,HeelSlatKrill
SetRobloxRewardWithdraw,SewGrandeBackupLanguish
SetRobloxRewardComplete,SewGrandeBackupAnyplace
Weidget,Lacquer
GetRobloxRewardWeidget,KeaGrandeBackupLacquer
TipEffect,BatAlbedo
PopUpHide,PitOrLira
PopUpShow,PitOrHeel
Lick,Hint
ClaimBtnCLick,SquatBowCHint
RefreshClaimStage,RebirthSquatFluid
SelectItem,PackerSuck
deleteBtnClick,FabricBowPhoto
GetChildBtnClick,KeaPreenBowPhoto
AddChildBtnCLick,DamPreenBowCHint
GetPropsBtnClick,KeaSwordBowPhoto
AddPropsBtnClick,DamSwordBowPhoto
ClimeBtnClick,CrestBowPhoto
Modify,Knight
Mesh,Step
ModifyMesh,KnightStep
ShowMask,HeelDown
HideMask,LiraDown
Trigger,Ingoing
TriggerEvent,IngoingLipid
Condition,Cardboard
CheckCondition,SonicCardboard
ShowStep,HeelSpin
setTargetWaitTime,WetRainerOntoPloy
finishNewUserStep,EthnicTarGlueSpin
showMaskHandContent,ToneDownSackKestrel
callBackAction,TearRoofAffair
Find,Sell
FindButton,SellInform
TileNewUserGuide,MailTarGlueWeedy
TileNewUserGuideFinish,MailTarGlueWeedyGarden
getTriggerWithID,TieIngoingPeckID
getIDListWithTrigger,TieIDFormPeckIngoing
Static,Faunal
getIDListWithTriggerStatic,TieIDFormPeckIngoingFaunal
InitAudioSourceQueue,DustCheepDesignSouth
For,Yet
Audo,Pray
AddAudioSourceForAudoMgr,DamCheepDesignYetPrayOil
GetAudioComponent,KeaCheepBotanical
UnUseAudioComponent,BeNutCheepBotanical
CheckUnUseAudioComponent,SonicBeNutCheepBotanical
SetAllEffectVolume,SewYamAlbedoLament
PlayBgBase,BeerMyMote
PlayEffectBase,BeerAlbedoMote
PlayBg,BeerMy
PlayEffect,BeerAlbedo
Stop,Hear
Do,On
DoUpdate,DoRejoin
Anchor,Dapple
SetAnchor,SewDapple
Pivot,Blame
SetPivot,SewBlame
layout,Severe
layoutAction,SevereAffair
Pin,Her
Market,Gallon
OpenAPPinMarket,WifeAPHerGallon
Register,Computer
Loaction,Reindeer
GetLoactionData,KeaReindeerTwig
GetGameData,KeaSeemTwig
Editor,Refuge
IsEditor,ByRefuge
Http,Bite
HttpGet,BiteKea
HttpPost,BiteWeld
ShowGuide,HeelWeedy
ShowHand,HeelSack
HandAnimation,SackAstronaut
Recycle,Channel
RecycleAll,ChannelYam
Destroy,Specify
CreateObjectPool,AbsorbFluentDike
GetGameObject,KeaSeemFluent
RecycleGameObject,ChannelSeemFluent
Query,Treat
QueryPool,QueryDike
autoCloseToast,ItemStarkSpare
ShowToast,HeelSpare
setContentLayout,WetKestrelSpeedy
IsApple,ByVague
Bgswitch,Prohibit
IsBgswitch,ByProhibit
Portrait,Spectrum
IsPortrait,BySpectrum
GetTimestamp,KeaEarthworm
Format,Keenly
DateTimeFormat,LeakPloyKeenly
Seconds,Emotive
SecondsToDateTime,EmotiveAtLeakPloy
SecondsFormat,EmotiveKeenly
Ticks,Audio
TicksToSeconds,TicksAtEmotive
SecondsToDateTimeOld,EmotiveAtLeakPloyNow
Str,Fir
DoubleToStr,InvestAtFir
GetWeightRandom,KeaCanoesGlider
GetWeightRandomIndex,KeaCanoesGliderBrace
In,On
Chance,Lawyer
InChance,InLawyer
Enum,Bite
ToEnum,AtEnum
InitAd,DustWe
LoadSuccess,OmitProdigy
LoadFail,OmitDrip
SaveAdStatus,TreeWeReside
Code,Sing
GetEventCode,KeaLipidSing
WaitLogin,OntoDaily
Interstitial,Contribution
PlayInterstitialAd,BeerContributionWe
PlayRewardAd,BeerBackupWe
CheckAdCanShow,SonicWeTugHeel
PauseAutoPlayTime,AdultRomeBeerPloy
Resume,Bluish
ResumeAutoPlayTime,BluishRomeBeerPloy
Online,Athens
AddOnlineSeconds,DamAthensEmotive
AddPauseTimes,DamAdultChina
AddPassLevel,DamRustExact
AddNewUserRuleValue,DamTarGlueRageAttic
IsAdShowing,ByWeGunfire
InitAdjustSDK,DustDesertSDK
StartAdjust,AssetDesert
Attribution,Fundamental
Changed,Neglect
Delegate,Cylinder
AttributionChangedDelegate,FundamentalNeglectCylinder
GetAdid,KeaHiss
Device,Clergy
GetAdjustDeviceInfo,KeaDesertClergyTour
Cross,Repel
Account,Certain
IsCrossAccount,ByRepelCertain
SendAdEvent,CornWeLipid
Dau,Fog
SendDauEvent,CornFogLipid
SendRewardEvent,CornBackupLipid
SendUserEvent,CornGlueLipid
BatchSendUserEvent,TreatCornGlueLipid
CheckEventSendStatus,SonicLipidCornReside
Saved,Today
GetSavedRequest,KeaTodayPrevail
SaveRequest,TreePrevail
Resend,Revolt
ResendRequest,RevoltPrevail
Put,His
SendRequest,CornPrevail
Handle,Waster
LoginHandle,DailyWaster
SendLoginLog,CornDailySow
GetBoxInfo,KeaNetTour
SetBoxInfo,SewNetTour
GetCountryCode,KeaSeventySing
Install,Carving
GetInstallTime,KeaCarvingPloy
Agent,Shear
GetUserAgent,KeaGlueShear
Os,We
GetOs,KeaOs
GetNetType,KeaTugTern
GetBoxModel,KeaNetAnvil
OpenRateUsPanel,WifeMustByKrill
SetWstate,SewStroke
AddRewardCoin,DamBackupText
StopWstate,HearStroke
ResumeWstate,BluishStroke
CheckRewardStatus,SonicBackupReside
Risk,Peak
CheckRisk,SonicPeak
Divice,Lintel
Callback,Scenario
DiviceTokenCallback,LintelArgueScenario
Fetch,Fresh
FetchServerConfig,FreshUnwarySoviet
StartAd,AssetWe
Timer,Vivid
StartEventLogTimer,AssetLipidSowVivid
SendAppActiveEventLog,CornMayGalaxyLipidSow
ResetData,HabitTwig
StartGame,AssetSeem
LoginGame,DailySeem
RegisterUserActivity,ComputerGlueApproval
Inactivity,Resentment
CheckInactivity,SonicResentment
Rcs,Pin
Report,Unload
CheckRcsReport,SonicRcsUnload
ShowUIForms,HeelUIDrape
CloseUIForm,StarkUIWish
Any,Cry
IsAnyUIShow,ByAnyUIHeel
Exist,Three
IsUIExist,ByUIThree
Initialize,Manipulate
InitializeSDK,ManipulateSDK
Rewarded,Adjacent
ShowRewardedAd,HeelAdjacentWe
ShowInterstitialAd,HeelContributionWe
ShowBanner,HeelStrict
HideBanner,LiraStrict
DestroyBanner,SpecifyStrict
NeedRetry,ChugSteep
SetRequestSetting,SewPrevailRapport
SendEvent,CornLipid
BatchSendEvent,TreatCornLipid
PostAndPut,WeldBagHis
ShowInfo,HeelTour
Pv,If
GetLocalIPv,KeaScentIPv
GetLocalIPv6,KeaScentIPv6
OpenAppInMarket,WifeMayOnGallon
LightStart,SurgeAsset
ClosePanel,StarkKrill
ToUpdate,AtRejoin
Referrer,Plutonic
CheckReferrer,SonicReferrer
Valid,Douse
IsValidJson,ByValidSize
Long,Oval
CurrentLong,JawboneOval
GetUUID,KeaUUID
Calculate,Innovator
CalculateMD,InnovatorMD
CalculateMD5,InnovatorMD5
RandomFromList,GliderAeroForm
Revenue,Replica
RevenueFormat,ReplicaKeenly
Parse,Scuba
Params,Encase
ParseUrlParams,ScubaGemEncase
Try,Own
Extract,Adverse
TryExtractJson,OwnAdverseSize
Sorted,Virtue
ToSortedKeyValueString,AtVirtueSunAtticMexico
CreatItems,DwarfCause
InstancePre,TexturalLaw
ControlItemStage,ChickenSuckFluid
Center,Cannon
ItemCenter,SuckCannon
Slide,Avoid
Out,Rod
Of,Ax
Dealwith,Grandeur
OutOfBoundsDealwith,RodOfPigeonGrandeur
Quick,Value
Sort,Fend
QuickSort,ValueFend
Postion,Coconut
ItemPostionX,SuckCoconutX
Automatic,Outnumber
AutomaticCenter,OutnumberCannon
Aime,Road
CenterAime,CannonRoad
SetIndex,SewBrace
addReward,RidBackup
PuzzleAnimation,StitchAstronaut
Initialization,Hydroponically
BoolDailyReward,TinyBrushBackup
GetReward,KeaBackup
waitTimeCanelMask,VinePloyWriteDown
initialization,Unrecognizable
isNewUser,AnTarGlue
ReturnHomePanel,DecodeHikeKrill
ADReturnHomePanel,ADDecodeHikeKrill
ADCallback,ADScenario
getSlotMultiIndex,TieFordSharpBrace
LevelCompleteAniInitialization,ExactAnyplaceMatHydroponically
Colmplete,Norwegian
LevelColmpleteAni,ExactNorwegianMat
Moment,Chorus
WaitForMoment,OntoYetChorus
TestLevelColmpleteAni,BellExactNorwegianMat
goldAddAnimation,DivaDamAstronaut
BtnShow,BowHeel
TopBarPlay,LapLetBeer
StarImageShow,PeruMouseHeel
GoldValue,ChicAttic
WaitForMomentValue,OntoYetChorusAttic
LevelReward,ExactBackup
LevelGoldMove,ExactChicGive
skillCanUseWaitTime,FrontTugNutOntoPloy
refreshSkillCount,ArabianSightStyle
cashAddAnimation,WhimDamAstronaut
amazonAddAnimation,ActionDamAstronaut
cashTileAnimation,WhimMailAstronaut
changeStarBoxNum,PrepayPeruNetShy
LevelUnlockShow,ExactInsertHeel
LevelUnlock,ExactInsert
Under,Chord
FishToUnderBar,FareAtChordLet
rateAction,NewsAffair
Email,Mouse
openEmail,LikeEmail
setStar,WetPeru
openAPPinMarket,LikeAPHerGallon
OpenNextButton,WifeGenuInform
CloseRewardActive,StarkBackupGalaxy
RewardPanelShowAni,BackupKrillHeelMat
playSlot,BoreFord
RewardPanelMove,BackupKrillGive
adButtonAction,OrInformAffair
CardGroup,JazzAsian
CardHint,JazzWhig
setdelay,Moccasin
CardShow,JazzHeel
initMulti,AsiaSharp
slot,Cone
setBoxReward,WetNetBackup
OpenBox,WifeNet
showTips,ToneBarb
UnlockFishTank,InsertFareSeep
FishTankTransitions,FareSeepTherapeutic
GetSettingById,KeaRapportOfIt
Serialize,Resonance
GetSerializeData,KeaResonanceTwig
AddItemValue,DamSuckAttic
SetItemValue,SewSuckAttic
GetItemById,KeaSuckOfIt
SetData,SewTwig
SetValue,SewAttic
SaveData,TreeTwig
HandleInterval,WasterRhyolite
Msg,Via
Listener,Promptly
AddMsgListener,DamViaPromptly
RemoveMsgListener,AnswerViaPromptly
ClearAllMsgListener,PeachYamViaPromptly
SendMessage,CornHandful
Resource,Decorate
LoadResource,OmitDecorate
Asset,Cloth
LoadAsset,OmitCloth
SetMaskWindow,SewDownAround
HideMaskWindow,LiraDownAround
CancelMaskWindow,SilicaDownAround
The,Maw
FindTheChildNode,SellThePreenTang
GetTheChildNodeComponentScripts,KeaMawPreenTangBotanicalHappily
AddChildNodeComponent,DamPreenTangBotanical
AddChildNodeToParentNode,DamPreenTangAtCavernTang
ShowText,HeelPile
InitLauguageCache,DustCautiousSpine
FindChildAddComponent,SellPreenDamBotanical
Freeze,Exotic
Rigister,Minority
RigisterButtonObjectEvent,MinorityInformFluentLipid
OpenUIForm,WifeUIWish
ReceiveMessage,TextureHandful
AddPanel,DamKrill
SubPanel,WadKrill
Loading,Preform
InitRootCanvasLoading,DustAbutCyclicPreform
CloseOrReturnUIForms,StarkIDDecodeUIDrape
ShowNextPopUp,HeelGenuPitOr
ClearWaitUIForms,PeachOntoUIDrape
Catch,Widen
LoadFormsToALLUIFormsCatch,OmitDrapeAtALLUIDrapeWiden
LoadUIForm,OmitUIWish
EnterUIFormsCache,RadarUIDrapeSpine
ExitUIFormsCache,HopeUIDrapeSpine
Formst,Gentle
Other,Briny
EnterUIFormstToCacheHideOther,RadarUIGentleAtSpineLiraOther
EnterUIFormsCacheWaitClose,RadarUIDrapeSpineOntoStark
ExitUIFormsFromCacheAndShowOther,HopeUIDrapeAeroSpineBagHeelBriny
Push,Wood
PushUIForms,WoodUIDrape
PopUIForms,PitUIDrape
InitUIFormsPathsData,DustUIDrapeForayTwig
InitCamera,DustCourse
Stack,Gesso
ClearStackArray,PeachGessoTreat
GetCurrentFormStack,KeaJawboneWishGesso
GetPanelByName,KeaKrillOfBold
Opening,Migrant
Panels,Apiece
GetOpeningPanels,KeaMigrantApiece
SendEventByUnityWebRequest,CornLipidOfAloneBitPrevail
PostEvent,WeldLipid
GetCoin,KeaText
shop,Whig
shopInit,shopDust
FlyPlay,TowBeer
FlyPause,TowAdult
Kill,Arid
FlyKill,TowArid
Gun,Hat
Tune,Bike
Reason,Methyl
GunTuneReason,GunBikeMethyl
LeftFly,TillTow
Rigth,Ether
RigthFly,EtherTow
LoopFly,BeamTow
DestroyFlyItem,SpecifyTowSuck
SetRewardData,SewBackupTwig
pagechange,Modulation
SetPageIndex,SewEmitBrace
UpdateItem,RejoinSuck
PopItem,PitSuck
PushItem,WoodSuck
AddItem,DamSuck
GetGAID,KeaGAID
FetchInstallReferrer,FreshCarvingPlutonic
Setup,Trial
Finished,Mutually
onInstallReferrerSetupFinished,OnCarvingPlutonicTrialMutually
Disconnected,Practitioner
onInstallReferrerServiceDisconnected,OnCarvingPlutonicAllendePractitioner
Dotween,Habitat
DotweenManager,HabitatAbsence
Controller,Attainment
AnimationController,AstronautAttainment
Custom,Stifle
CustomPrint,StifleShift
Dictionaries,Complication
MergeDictionaries,PulseComplication
System,Vessel
GetSystemData,KeaVesselTwig
FishLayerData,FareWorthTwig
FishData,FareTwig
FishManager,FareAbsence
FishMove,FareGive
Physic,Flavin
RewardBubblePhysic,BackupPistonFlavin
RewardBubbleWallLayout,BackupPistonMuteSpeedy
LevelLayout,ExactSpeedy
LevelDDManager,ExactDDAbsence
TileAnimationData,MailAstronautTwig
LevelLoadCreate,ExactOmitAbsorb
LevelPlay,ExactBeer
TileItem,MailSuck
LevelLayer,ExactWorth
LevelData,ExactTwig
LimitItem,LowerSuck
LevelLayerGroup,ExactWorthAsian
SerializeList,ResonanceForm
Serialization,Traditionally
SerializationList,TraditionallyForm
LevelJsonData,ExactSizeTwig
Read,Dive
LevelReadJsonData,ExactDiveSizeTwig
LevelEditMessage,ExactOpenHandful
LevelRemoveData,ExactAnswerTwig
LevelRemoveItem,ExactAnswerSuck
FlyManager,TowAbsence
GameDataManager,SeemTwigAbsence
MainManager,PinkAbsence
RewardManager,BackupAbsence
RewardPanelData,BackupKrillTwig
Fragments,Frequency
GetFragmentsPanel,KeaFrequencyKrill
GuidanceEventPenetrate,BirdlikeLipidOffspring
NewTaskPanel,TarSlatKrill
PlayImageAnimation,BeerMouseAstronaut
RobloxIconBtnWeight,GrandeWhigBowCanoes
RobloxRewardWeidget,GrandeBackupLacquer
RobloxShopDataManager,GrandeOntoTwigAbsence
RobloxShopPanel,GrandeOntoKrill
RobloxThreeRewardWeight,GrandeSevenBackupCanoes
RobloxTwoRewardWeight,GrandeEonBackupCanoes
RookieItem,SenderSuck
TestRobloxReward,BellGrandeBackup
TriggerType,IngoingTern
ConditionType,CardboardTern
NewUserManager,TarGlueAbsence
r,r
PlayImageAnimation_r1,BeerMouseAstronaut_r1
GamePanel,SeemKrill
Const,Gloss
StringConst,MexicoGloss
AudioSourceQueue,CheepDesignSouth
MusicMgr,ThereOil
Resources,Imitation
MusicResourcesMgr,ThereImitationOil
MusicType,ThereTern
Common,Lethal
CommonConfig,LethalSoviet
Animator,Crucible
FrameAnimator,DramaCrucible
Archor,Prompt
Tool,Farm
ArchorTool,PromptFarm
AutoLayout,RomeSpeedy
RateUsManager,MustByAbsence
Logic,Forth
MessageCenterLogic,HandfulCannonForth
MessageData,HandfulTwig
CConfig,CSoviet
NetInfoMgr,TugTourOil
NetWorkGetObject,TugCubeKeaFluent
NetWorkManager,TugCubeAbsence
NetWorkPostObject,TugCubeWeldFluent
NewUserGuidePanel,TarGlueWeedyKrill
RectGuideMask,YardWeedyDown
ObjectPool,FluentDike
ObjectPoolManager,FluentDikeAbsence
Mono,Well
Singleton,Sweatshop
MonoSingleton,WellSweatshop
ToastManager,SpareAbsence
ScrollViewContentLayout,QuasarWallKestrelSpeedy
Util,Tide
CommonUtil,LethalUtil
DateUtil,LeakTide
NumberUtil,SupplyTide
RandomUtil,GliderTide
StringUtil,MexicoTide
PHConst,PHGloss
Ctrl,Pool
AdCtrl,WePool
Res,Lys
CheckAdCanShowRes,SonicWeTugHeelLys
AdjustCtrl,DesertPool
EventLogCtrl,LipidSowPool
HttpRequestCtrl,BitePrevailPool
HttpRequestModel,BitePrevailAnvil
LoginCtrl,DailyPool
Native,Burrow
NativeCtrl,BurrowPool
RateUsCtrl,MustByPool
RewardCtrl,BackupPool
RiskCtrl,PeakPool
ServerConfigCtrl,UnwarySovietPool
AdManager,WeAbsence
EventLogManager,LipidSowAbsence
PHManager,PHAbsence
PHUIManager,PHUIAbsence
AdMaxService,WeEkaAllende
AdTestService,WeBellAllende
BestHttpService,KeelBiteAllende
UnityWebRequestService,AloneBitPrevailAllende
Block,Right
BlockUserPanel,RightGlueKrill
DebugInfoPanel,RenewTourKrill
RequestTimeoutPanel,PrevailDrynessKrill
UpdatePanel,RejoinKrill
PHUtil,PHTide
CustomSlider,StifleFabric
Chest,Clear
BigChestPanel,WayClearKrill
BonusPanel,AudioKrill
Collect,Spatter
CollectPuzzle,SpatterStitch
DailyBonusPanel,BrushAudioKrill
GuidePanel,WeedyKrill
LevelUnlockFishPanel,ExactInsertFareKrill
LoadingPanel,PreformKrill
PausePanel,AdultKrill
RatePanel,MustKrill
RevivePanel,MonroeKrill
RewardPanelNew,BackupKrillTar
RobloxPuzzlePanel,GrandeStitchKrill
SkillPanel,SightKrill
SlotGroup,FordAsian
StarBoxPanel,PeruNetKrill
UnLockFishTankPanel,BeKinkFareSeepKrill
GameSettingCtrl,SeemRapportPool
ResourceCtrl,DecoratePool
GameSettingDB,SeemRapportDB
ItemDB,SuckDB
ResourceDB,DecorateDB
SettingDB,RapportDB
ItemData,SuckTwig
DataManager,TwigAbsence
EventTriggerListener,LipidIngoingPromptly
MessageCenter,HandfulCannon
KeyValuesUpdate,SunChillyRejoin
Anlysis,Contour
Exception,Evaporate
JsonAnlysisException,SizeContourEvaporate
ResourcesMgr,ImitationOil
UIMaskMgr,UIDownOil
Helper,Always
UnityHelper,AloneAlways
LauguageMgr,CautiousOil
BaseUIForms,MoteUIDrape
UIManager,UIAbsence
UIType,UITern
AdEventLogService,WeLipidSowAllende
BaseEventLogService,MoteLipidSowAllende
DauEventLogService,FogLipidSowAllende
RewardEventLogService,BackupLipidSowAllende
UserEventLogService,GlueLipidSowAllende
FishPageLayout,FareEmitSpeedy
FishShopPage,FareOntoEmit
FishTankItem,FareSeepSuck
FishTankPage,FareSeepEmit
MaskControl,DownChicken
PageView,EmitWall
Fetcher,Knuckle
GAIDFetcher,GAIDKnuckle
ReferrerFetcher,PlutonicKnuckle
InstallReferrerStateListener,CarvingPlutonicWomanPromptly
cardglow,Postpone
cardglow06,Postpone06
Circle01,Unused01
Circle03,Unused03
blur,Melt
Effects_box_blur,Surmise_Ago_Melt
Effects_Bubble,Surmise_Piston
Effects_Circle,Surmise_Unused
circle,Manure
Effects_circle_blur 1,Surmise_Manure_Melt 1
glow,User
Effects_circle_glow,Surmise_Manure_User
Confetti,Stimulus
Effects_Confetti,Surmise_Stimulus
Effects_Flash,Surmise_Steam
Glow,Neon
Effects_Glow,Surmise_Neon
Effects_glow1,Surmise_User1
Glowblock,Colorless
Effects_Glowblock,Surmise_Colorless
GlowCircle,NeonUnused
Effects_GlowCircle,Surmise_NeonUnused
Effects_Gradient,Surmise_Climatic
Effects_Gradient12,Surmise_Climatic12
Effects_Gradient4.3,Surmise_Climatic4.3
Effects_GroundLight,Surmise_PeriodSurge
IceNormal,PitInjury
Effects_IceNormal,Surmise_PitInjury
lightray,Presence
Effects_lightray,Surmise_Presence
magic,Mayor
blast,Hotel
Effects_magic_blast,Surmise_Mayor_Hotel
line,Have
Effects_magic_line,Surmise_Mayor_Have
Magic,Moral
orb,Urn
Effects_Magic_orb2,Surmise_Moral_Urn2
Effects_Mask,Surmise_Down
Noise,Plant
Effects_Noise,Surmise_Plant
Effects_Noise13,Surmise_Plant13
Effects_Noise29,Surmise_Plant29
Effects_Noise50,Surmise_Plant50
Effects_Noise53,Surmise_Plant53
Ring,Crow
Effects_Ring,Surmise_Crow
Effects_rotate_line,Surmise_Number_Have
Effects_Star,Surmise_Peru
Effects_star_light,Surmise_Gift_Strut
Trail,Point
Effects_Trail36,Surmise_Point36
b,b
Effects_Trail55b,Surmise_Point55b
Cloud,Crown
soft,Seat
Effect_Cloud_2x2_soft,Albedo_Crown_2x2_Seat
Lightray,Wherever
Effect_Lightray2,Albedo_Wherever2
Ray01,Cut01
Star01,Peru01
TEX,TEX
TEX_Card,TEX_Jazz
Coins,Eager
dixia,Inter
Lvbis,Extra
UI,UI
ArrowIcon,AsideWhig
UI_ArrowIcon,UI_AsideWhig
Balance,Recycle
BalanceAmazon,RecycleCarman
UI_BalanceAmazon,UI_RecycleCarman
BalanceBG,RecycleBG
UI_BalanceBG,UI_RecycleBG
BalanceCashBG,RecycleSoarBG
UI_BalanceCashBG,UI_RecycleSoarBG
BalanceClose,RecycleStark
UI_BalanceClose,UI_RecycleStark
Paypal,Please
BalancePaypal,RecyclePlease
UI_BalancePaypal,UI_RecyclePlease
PiggyBank,ProneVein
UI_PiggyBank,UI_ProneVein
UI_PiggyBank300,UI_ProneVein300
PiggyBankBar,ProneVeinLet
UI_PiggyBankBar,UI_ProneVeinLet
PiggyBankBarBG,ProneVeinLetBG
UI_PiggyBankBarBG,UI_ProneVeinLetBG
PiggyBankIcon,ProneVeinWhig
UI_PiggyBankIcon,UI_ProneVeinWhig
PiggyBankMoney,ProneVeinTouch
UI_PiggyBankMoney,UI_ProneVeinTouch
PiggyBankProgress,ProneVeinUntapped
UI_PiggyBankProgress,UI_ProneVeinUntapped
PiggyBankProgressBG,ProneVeinUntappedBG
UI_PiggyBankProgressBG,UI_ProneVeinUntappedBG
Head,Sect
PiggyBankProgressHead,ProneVeinUntappedSect
UI_PiggyBankProgressHead,UI_ProneVeinUntappedSect
PiggyBankRewardBig,ProneVeinBackupWay
UI_PiggyBankRewardBig,UI_ProneVeinBackupWay
Small,Bloom
PiggyBankRewardSmall,ProneVeinBackupBloom
UI_PiggyBankRewardSmall,UI_ProneVeinBackupBloom
RewardBoxUnder,BackupNetChord
UI_RewardBoxUnder,UI_BackupNetChord
UI_StarBoxOpen,UI_PeruNetWife
StarBoxPopImage,PeruNetPitMouse
UI_StarBoxPopImage,UI_PeruNetPitMouse
BoxIcon,NetWhig
UI_BoxIcon,UI_NetWhig
CashIcon,SoarWhig
UI_CashIcon,UI_SoarWhig
UI_CashIcon_1,UI_SoarWhig_1
coin,Mood
top_coin,Run_Mood
BoxBG,NetBG
UI_BoxBG,UI_NetBG
Ui_Daily1Gold,So_Brush1Chic
Ui_Daily2Gold,So_Brush2Chic
Ui_Daily3Gold,So_Brush3Chic
Ui_Daily4Gold,So_Brush4Chic
Ui_Daily5Gold,So_Brush5Chic
Ui_Daily6Gold,So_Brush6Chic
Ui_Daily7Gold,So_Brush7Chic
gift,Cane
UI_gift,UI_Cane
ReceiveClose,TextureStark
UI_ReceiveClose,UI_TextureStark
receive,Cluster
receiveOpen,ClusterWife
UI_receiveOpen,UI_ClusterWife
FishCash,FareSoar
UI_FishCash,UI_FareSoar
FishGold,FareChic
UI_FishGold,UI_FareChic
FishPuzzle,FareStitch
UI_FishPuzzle,UI_FareStitch
Shadow,Visual
FishRewardShadow,FareBackupVisual
UI_FishRewardShadow,UI_FareBackupVisual
FishShellIcon,FareTenetWhig
UI_FishShellIcon,UI_FareTenetWhig
FishShell,FareTenet
UI_FishShell,UI_FareTenet
BackIcon,RoofWhig
UI_BackIcon,UI_RoofWhig
BuyFishBubble,PayFarePiston
UI_BuyFishBubble,UI_PayFarePiston
Velue,Ditch
BuyFishVelue,PayFareDitch
UI_BuyFishVelue,UI_PayFareDitch
EXPIcon,EXPWhig
UI_EXPIcon,UI_EXPWhig
Iconx,Smite
EXPIconx,EXPSmite
UI_EXPIconx1,UI_EXPSmite1
FishShopBubble,FareOntoPiston
UI_FishShopBubble,UI_FareOntoPiston
FishShopBubbleMask,FareOntoPistonDown
UI_FishShopBubbleMask,UI_FareOntoPistonDown
FishShopBubbleShow,FareOntoPistonHeel
UI_FishShopBubbleShow,UI_FareOntoPistonHeel
FishShopVelueBG,FareOntoDitchBG
UI_FishShopVelueBG,UI_FareOntoDitchBG
LockIcon,KinkWhig
UI_LockIcon,UI_KinkWhig
UI_FishTank,UI_FareSeep
FishTankBG,FareSeepBG
UI_FishTankBG,UI_FareSeepBG
Yellow,Fierce
FishTankBGYellow,FareSeepBGFierce
UI_FishTankBGYellow,UI_FareSeepBGFierce
FishTankSCLock,FareSeepSCKink
UI_FishTankSCLock,UI_FareSeepSCKink
FishTankSCLockTop,FareSeepSCKinkLap
UI_FishTankSCLockTop,UI_FareSeepSCKinkLap
FishTankSCLockUnder,FareSeepSCKinkChord
UI_FishTankSCLockUnder,UI_FareSeepSCKinkChord
FishTankSCMask,FareSeepSCDown
UI_FishTankSCMask,UI_FareSeepSCDown
FxGoldIcon,ItChicWhig
UI_FxGoldIcon,UI_ItChicWhig
UI_Hint,UI_Whig
HintIcon,WhigWhig
UI_HintIcon,UI_WhigWhig
flymoney,Definite
Tex_Auto,Son_Rome
AmazonIcon,CarmanWhig
UI_AmazonIcon,UI_CarmanWhig
BtnBg,BowMy
UI_BtnBg,UI_BowMy
CashOutBtn,SoarRodBow
UI_CashOutBtn,UI_SoarRodBow
CashOutBtnNum,SoarRodBowShy
UI_CashOutBtnNum,UI_SoarRodBowShy
CubeIcon,LackWhig
UI_CubeIcon,UI_LackWhig
CubeToLevel,LackAtExact
UI_CubeToLevel,UI_LackAtExact
FishTankIconx,FareSeepSmite
UI_FishTankIconx3,UI_FareSeepSmite3
GameCash,SeemSoar
UI_GameCash,UI_SeemSoar
GameCashICon,SeemSoarISun
UI_GameCashICon,UI_SeemSoarISun
GameGold,SeemChic
UI_GameGold,UI_SeemChic
HomeBankBG,HikeVeinBG
UI_HomeBankBG,UI_HikeVeinBG
HomeBG,HikeBG
UI_HomeBG,UI_HikeBG
HomeBoxProgressBar,HikeNetUntappedLet
UI_HomeBoxProgressBar,UI_HikeNetUntappedLet
HomeCashICon,HikeSoarISun
UI_HomeCashICon,UI_HikeSoarISun
HomeEXPIcon,HikeEXPWhig
UI_HomeEXPIcon,UI_HikeEXPWhig
Balck,Vital
HomeEXPIconBalck,HikeEXPWhigVital
UI_HomeEXPIconBalck,UI_HikeEXPWhigVital
HomeGoldIcon,HikeChicWhig
UI_HomeGoldIcon,UI_HikeChicWhig
HomeGuide,HikeWeedy
UI_HomeGuide,UI_HikeWeedy
HomeGuideCube,HikeWeedyLack
UI_HomeGuideCube,UI_HikeWeedyLack
H,H
UI_HomeGuideCube_H,UI_HikeWeedyLack_H
Iocn,Idle
HomeIocn,HikeIdle
UI_HomeIocn,UI_HikeIdle
HomeLevelPop,HikeExactPit
UI_HomeLevelPop,UI_HikeExactPit
HomeLine,HikeRare
UI_HomeLine,UI_HikeRare
HomePlayIcon,HikeBeerWhig
UI_HomePlayIcon,UI_HikeBeerWhig
HomeProgressBar,HikeUntappedLet
UI_HomeProgressBar,UI_HikeUntappedLet
HomeProgressBarBG,HikeUntappedLetBG
UI_HomeProgressBarBG,UI_HikeUntappedLetBG
HomeSettingIcon,HikeRapportWhig
UI_HomeSettingIcon,UI_HikeRapportWhig
Homeshell,Catalogue
HomeshellICon,CatalogueISun
UI_HomeshellICon,UI_CatalogueISun
HomeTopBG,HikeLapBG
UI_HomeTopBG,UI_HikeLapBG
HomeTopBGMask,HikeLapBGDown
UI_HomeTopBGMask,UI_HikeLapBGDown
HomeTopLevel,HikeLapExact
UI_HomeTopLevel,UI_HikeLapExact
HomeTopLevelBg,HikeLapExactMy
UI_HomeTopLevelBg,UI_HikeLapExactMy
HomeTopValueBg,HikeLapAtticMy
UI_HomeTopValueBg,UI_HikeLapAtticMy
HomeUnder,HikeChord
UI_HomeUnder,UI_HikeChord
HomeUnderBG,HikeChordBG
UI_HomeUnderBG,UI_HikeChordBG
LevelHome,ExactHike
UI_LevelHome,UI_ExactHike
RobloxBG,GrandeBG
UI_RobloxBG,UI_GrandeBG
RobloxIcon,GrandeWhig
UI_RobloxIcon,UI_GrandeWhig
ShopIcon,OntoWhig
UI_ShopIcon,UI_OntoWhig
UI_ShopIcon_1,UI_OntoWhig_1
UI_StarBox,UI_PeruNet
StarBoxTime,PeruNetPloy
UI_StarBoxTime,UI_PeruNetPloy
Topbar,Manner
TopbarBG,MannerBG
UI_TopbarBG,UI_MannerBG
robox,Renew
Blue,Deer
BtnBlue,BowDeer
UI_BtnBlue,UI_BowDeer
BtnGreen,BowQuick
UI_BtnGreen,UI_BowQuick
CashOutBG,SoarRodBG
UI_CashOutBG,UI_SoarRodBG
TopBarBG,LapLetBG
UI_TopBarBG,UI_LapLetBG
PopBG,PitBG
UI_PopBG,UI_PitBG
UI_PopBG_1,UI_PitBG_1
loading,Burgeon
loadingBG,BurgeonBG
Logo,Lion
LoadingLogo,PreformLion
LoadingProgress,PreformUntapped
UI_LoadingProgress,UI_PreformUntapped
LoadingProgressBG,PreformUntappedBG
UI_LoadingProgressBG,UI_PreformUntappedBG
 546, 546
,
 306 , 306 
 306, 306
 335, 335
 336, 336
UI_loadingBG,UI_BurgeonBG
LoadingIcon,PreformWhig
UI_LoadingIcon,UI_PreformWhig
Mergebar,Scotland
MergebarBG,ScotlandBG
UI_MergebarBG,UI_ScotlandBG
MergebarBGTest,ScotlandBGBell
UI_MergebarBGTest,UI_ScotlandBGBell
MergebarBlockBG,ScotlandRightBG
UI_MergebarBlockBG,UI_ScotlandRightBG
UI_Hand,UI_Sack
UI_Hand_Ani_1,UI_Sack_Mat_1
UI_Hand_Ani_2,UI_Sack_Mat_2
UI_Hand_Ani_3,UI_Sack_Mat_3
UI_Hand_Ani_4,UI_Sack_Mat_4
UI_Hand_Ani_5,UI_Sack_Mat_5
UI_Hand_Ani_6,UI_Sack_Mat_6
UI_Hand_Ani_7,UI_Sack_Mat_7
UI_Hand_Ani_8,UI_Sack_Mat_8
UI_Hand_Ani_9,UI_Sack_Mat_9
NewPlayTextBG,TarBeerPileBG
UI_NewPlayTextBG,UI_TarBeerPileBG
PauseBtnBg,AdultBowMy
UI_PauseBtnBg,UI_AdultBowMy
UI_PauseButton,UI_AdultInform
PlayIcon,BeerWhig
UI_PlayIcon,UI_BeerWhig
UI_PopBG5,UI_PitBG5
UI_PopBG_2,UI_PitBG_2
UI_PopBG_3,UI_PitBG_3
UI_PopBG_4,UI_PitBG_4
PopButton,PitInform
UI_PopButton,UI_PitInform
PopButtonBlack,PitInformFifty
UI_PopButtonBlack,UI_PitInformFifty
PopButtonBlue,PitInformDeer
UI_PopButtonBlue,UI_PitInformDeer
UI_PopButton_1,UI_PitInform_1
PopClose,PitStark
UI_PopClose,UI_PitStark
UI_PuzzleIcon,UI_StitchWhig
RatePanelBG,MustKrillBG
Tex_RatePanelBG,Son_MustKrillBG
RatePopBG,MustPitBG
Tex_RatePopBG,Son_MustPitBG
RateStar,MustPeru
Tex_RateStar,Son_MustPeru
Yollow,Tannin
RateYollowStar,MustTanninPeru
Tex_RateYollowStar,Son_MustTanninPeru
LevelPopStar,ExactPitPeru
UI_LevelPopStar,UI_ExactPitPeru
LevelPopStarBG,ExactPitPeruBG
UI_LevelPopStarBG,UI_ExactPitPeruBG
RateBG,MustBG
UI_RateBG,UI_MustBG
RateBtn,MustBow
UI_RateBtn,UI_MustBow
ReviveBar,MonroeLet
UI_ReviveBar,UI_MonroeLet
ReviveIcon,MonroeWhig
UI_ReviveIcon,UI_MonroeWhig
robloximg,Available
robloximg_6,Available_6
UI_GetBtn,UI_KeaBow
RobloxBar,GrandeLet
UI_RobloxBar,UI_GrandeLet
RobloxPuzzle,GrandeStitch
UI_RobloxPuzzle,UI_GrandeStitch
Title,Onion
TitleBG,OnionBG
UI_TitleBG,UI_OnionBG
Ban,Boy
BanMusicIcon,BoyThereWhig
UI_BanMusicIcon,UI_BoyThereWhig
BanSoundIcon,BoyNotchWhig
UI_BanSoundIcon,UI_BoyNotchWhig
UI_MusicIcon,UI_ThereWhig
PauseBar,AdultLet
UI_PauseBar,UI_AdultLet
UI_SoundIcon,UI_NotchWhig
Settlement,Leafcutter
UI_Settlement,UI_Leafcutter
Aquatic,Iceberg
SettlementAquatic,LeafcutterIceberg
UI_SettlementAquatic,UI_LeafcutterIceberg
SettlementCash,LeafcutterSoar
UI_SettlementCash,UI_LeafcutterSoar
SettlementGold,LeafcutterChic
UI_SettlementGold,UI_LeafcutterChic
SettlementGoldFish,LeafcutterChicFare
UI_SettlementGoldFish,UI_LeafcutterChicFare
SettlementGoldFly,LeafcutterChicTow
UI_SettlementGoldFly,UI_LeafcutterChicTow
SettlementPopBg,LeafcutterPitMy
UI_SettlementPopBg,UI_LeafcutterPitMy
SettlementPrice,LeafcutterHurry
UI_SettlementPrice,UI_LeafcutterHurry
SettlementStar,LeafcutterPeru
UI_SettlementStar,UI_LeafcutterPeru
SettlementTopBar,LeafcutterLapLet
UI_SettlementTopBar,UI_LeafcutterLapLet
Watch,Breed
Ads,Sit
SettlementWatchAdsBtn,LeafcutterBreedSitBow
UI_SettlementWatchAdsBtn,UI_LeafcutterBreedSitBow
Water,Maize
SettlementWater,LeafcutterMaize
UI_SettlementWater,UI_LeafcutterMaize
SettlementWaterLight,LeafcutterMaizeSurge
UI_SettlementWaterLight,UI_LeafcutterMaizeSurge
SettlementWaterRight,LeafcutterMaizeMatch
UI_SettlementWaterRight,UI_LeafcutterMaizeMatch
SettlementLine,LeafcutterRare
UI_SettlementLine,UI_LeafcutterRare
ShuffleIcon,SurplusWhig
UI_ShuffleIcon,UI_SurplusWhig
SkillBar,SightLet
UI_SkillBar,UI_SightLet
SkillPopBar,SightPitLet
UI_SkillPopBar,UI_SightPitLet
SkillLockIcon,SightKinkWhig
UI_SkillLockIcon,UI_SightKinkWhig
SkillTime,SightPloy
UI_SkillTime,UI_SightPloy
LevelPopCardBG,ExactPitJazzBG
UI_LevelPopCardBG,UI_ExactPitJazzBG
LevelPop,ExactPit
UI_LevelPop_SlotBG,UI_ExactPit_FordBG
SlotCard,FordJazz
UI_LevelPop_SlotCard,UI_ExactPit_FordJazz
SlotPop,FordPit
UI_LevelPop_SlotPop,UI_ExactPit_FordPit
UI_SlotBG,UI_FordBG
StarIcon,PeruWhig
UI_StarIcon,UI_PeruWhig
UI_Tips,UI_Barb
UI_Tips_1,UI_Barb_1
Comfy,Repel
ComfyUI,RepelUI
ComfyUI_02247_,RepelUI_02247_
 2, 2
 1539, 1539
 331, 331
 332, 332
 337, 337
 338, 338
 339, 339
,
UndoIcon,EtchWhig
UI_UndoIcon,UI_EtchWhig
VideoIcon,GradeWhig
UI_VideoIcon,UI_GradeWhig
Ui_Bonus_Amazon,So_Audio_Carman
Ui_Bonus_Cash,So_Audio_Soar
Ui_Bonus_Gold,So_Audio_Chic
Off,Lip
SoundOff,NotchLip
UI_SoundOff,UI_NotchLip
SoundOn,NotchMe
UI_SoundOn,UI_NotchMe
BankCashFull,VeinSoarDrug
Sound_BankCashFull,Notch_VeinSoarDrug
BGM,BGM
Sound_BGM,Notch_BGM
Sound_CubeShow,Notch_LackHeel
GameBankGold,SeemVeinChic
Sound_GameBankGold,Notch_SeemVeinChic
HomeGold,HikeChic
Sound_HomeGold,Notch_HikeChic
Disapper,Analysis
MergeDisapper,PulseAnalysis
Sound_MergeDisapper,Notch_PulseAnalysis
TouchCube,StumpLack
Sound_TouchCube,Notch_StumpLack
AutoMerge,RomePulse
Sound_AutoMerge,Notch_RomePulse
BubbleShow,PistonHeel
Sound_BubbleShow,Notch_PistonHeel
BuyFishInTank,PayFareOnSeep
Sound_BuyFishInTank,Notch_PayFareOnSeep
Sound_Coin,Notch_Text
FishRewardShow,FareBackupHeel
Sound_FishRewardShow,Notch_FareBackupHeel
FishShopShow,FareOntoHeel
Sound_FishShopShow,Notch_FareOntoHeel
Sound_GoldCoin,Notch_ChicText
Sound_LevelComplete,Notch_ExactAnyplace
Sound_LevelUp,Notch_ExactOr
Arm,Beg
Bandit,Manual
OneArmBandit,DayBegManual
Sound_OneArmBandit,Notch_DayBegManual
OpenStarBox,WifePeruNet
Sound_OpenStarBox,Notch_WifePeruNet
Sound_PopShow,Notch_PitHeel
ReviveShow,MonroeHeel
Sound_ReviveShow,Notch_MonroeHeel
TileFishBGM,MailFareBGM
Sound_TileFishBGM,Notch_MailFareBGM
Sound_Transitions,Notch_Therapeutic
UIButton,UIInform
Sound_UIButton,Notch_UIInform
Sound_UnlockFish,Notch_InsertFare
,
FlyObj,TowShy
TileEditItem,MailOpenSuck
BalancePanel,RecycleKrill
FishShellPanel,FareTenetKrill
Settingpanel,Multiplicity
HomeSettingpanel,HikeMultiplicity
Panelnew,Sulfuric
RewardPanelnew,BackupSulfuric
AdjustTestPanel,DesertBellKrill
AdManagerTestPanel,WeAbsenceBellKrill
AudioModel,CheepAnvil
SaveDataManager,TreeTwigAbsence
ICtrl,IPool
GameDB,SeemDB
ServerData,UnwaryTwig
ConfigManagerByJson,SovietAbsenceOfSize
IConfigManager,ISovietAbsence
Sys,Lad
Define,Rhythm
SysDefine,LadRhythm
Particle,Rhyolite
UIParticleSystem,UIRhyoliteVessel
PHSaveDataManager,PHTreeTwigAbsence
AdEventLogModel,WeLipidSowAnvil
Response,Embolism
HttpResponse,BiteEmbolism
Sensors,Drawing
SensorsModel,DrawingAnvil
ServerConfigModel,UnwarySovietAnvil
UserModel,GlueAnvil
IAdService,IWeAllende
IEventLogService,ILipidSowAllende
INativeService,IBurrowAllende
Android,Thereby
AndroidNativeService,TherebyBurrowAllende
EditorNativeService,RefugeBurrowAllende
IOSNativeService,IOSBurrowAllende

